abstract_name,complete_phrase,discipline,field,filename,frame,frame_elements,journal,lexical_unit,lexical_unit_end,lexical_unit_start,sentence_count
A Schematic Representation of the Professional Identity Formation and Socialization of Medical Students and Residents: A Guide for Medical Educators,Academic medicine .,BIOLOGICAL SCIENCES,HEALTH CARE SCIENCES & SERVICES,2015-jun_JA_10-1097_ACM-0000000000000700_academic-medicine_cruess_richard2,Medical_specialties,"{ ""frameElement"": ""Specialty"", ""starts"": 0, ""ends"": 2, ""word"": ""Academic medicine"" }",ACADEMIC MEDICINE,medicine,2,1,0
A Schematic Representation of the Professional Identity Formation and Socialization of Medical Students and Residents: A Guide for Medical Educators,A Schematic Representation of the Professional Identity Formation and Socialization of Medical Students and Residents : A Guide for Medical Educators .,BIOLOGICAL SCIENCES,HEALTH CARE SCIENCES & SERVICES,2015-jun_JA_10-1097_ACM-0000000000000700_academic-medicine_cruess_richard2,Communicate_categorization,"{ ""frameElement"": ""Item"", ""starts"": 3, ""ends"": 21, ""word"": ""of the Professional Identity Formation and Socialization of Medical Students and Residents : A Guide for Medical Educators"" }",ACADEMIC MEDICINE,Representation,3,2,1
A Schematic Representation of the Professional Identity Formation and Socialization of Medical Students and Residents: A Guide for Medical Educators,A Schematic Representation of the Professional Identity Formation and Socialization of Medical Students and Residents : A Guide for Medical Educators .,BIOLOGICAL SCIENCES,HEALTH CARE SCIENCES & SERVICES,2015-jun_JA_10-1097_ACM-0000000000000700_academic-medicine_cruess_richard2,People_by_vocation,"{ ""frameElement"": ""Person"", ""starts"": 5, ""ends"": 6, ""word"": ""Professional"" }",ACADEMIC MEDICINE,Professional,6,5,1
A Schematic Representation of the Professional Identity Formation and Socialization of Medical Students and Residents: A Guide for Medical Educators,A Schematic Representation of the Professional Identity Formation and Socialization of Medical Students and Residents : A Guide for Medical Educators .,BIOLOGICAL SCIENCES,HEALTH CARE SCIENCES & SERVICES,2015-jun_JA_10-1097_ACM-0000000000000700_academic-medicine_cruess_richard2,Identicality,"{ ""frameElement"": ""Type"", ""starts"": 6, ""ends"": 7, ""word"": ""Identity"" }",ACADEMIC MEDICINE,Identity,7,6,1
A Schematic Representation of the Professional Identity Formation and Socialization of Medical Students and Residents: A Guide for Medical Educators,A Schematic Representation of the Professional Identity Formation and Socialization of Medical Students and Residents : A Guide for Medical Educators .,BIOLOGICAL SCIENCES,HEALTH CARE SCIENCES & SERVICES,2015-jun_JA_10-1097_ACM-0000000000000700_academic-medicine_cruess_richard2,Creating,"{ ""frameElement"": ""Created_entity"", ""starts"": 6, ""ends"": 7, ""word"": ""Identity"" }",ACADEMIC MEDICINE,Formation,8,7,1
A Schematic Representation of the Professional Identity Formation and Socialization of Medical Students and Residents: A Guide for Medical Educators,A Schematic Representation of the Professional Identity Formation and Socialization of Medical Students and Residents : A Guide for Medical Educators .,BIOLOGICAL SCIENCES,HEALTH CARE SCIENCES & SERVICES,2015-jun_JA_10-1097_ACM-0000000000000700_academic-medicine_cruess_richard2,Education_teaching,"{ ""frameElement"": ""Student"", ""starts"": 12, ""ends"": 13, ""word"": ""Students"" }",ACADEMIC MEDICINE,Students,13,12,1
A Schematic Representation of the Professional Identity Formation and Socialization of Medical Students and Residents: A Guide for Medical Educators,A Schematic Representation of the Professional Identity Formation and Socialization of Medical Students and Residents : A Guide for Medical Educators .,BIOLOGICAL SCIENCES,HEALTH CARE SCIENCES & SERVICES,2015-jun_JA_10-1097_ACM-0000000000000700_academic-medicine_cruess_richard2,Residence,"{ ""frameElement"": ""Resident"", ""starts"": 14, ""ends"": 15, ""word"": ""Residents"" }",ACADEMIC MEDICINE,Residents,15,14,1
A Schematic Representation of the Professional Identity Formation and Socialization of Medical Students and Residents: A Guide for Medical Educators,Recent calls to focus on identity formation in medicine propose that educators establish as a goal of medical education the support and guidance of students and residents as they develop their professional identity .,BIOLOGICAL SCIENCES,HEALTH CARE SCIENCES & SERVICES,2015-jun_JA_10-1097_ACM-0000000000000700_academic-medicine_cruess_richard2,Relative_time,"{ ""frameElement"": ""Focal_occasion"", ""starts"": 1, ""ends"": 2, ""word"": ""calls"" }",ACADEMIC MEDICINE,Recent,1,0,2
A Schematic Representation of the Professional Identity Formation and Socialization of Medical Students and Residents: A Guide for Medical Educators,Recent calls to focus on identity formation in medicine propose that educators establish as a goal of medical education the support and guidance of students and residents as they develop their professional identity .,BIOLOGICAL SCIENCES,HEALTH CARE SCIENCES & SERVICES,2015-jun_JA_10-1097_ACM-0000000000000700_academic-medicine_cruess_richard2,Contacting,"{ ""frameElement"": ""Communicator"", ""starts"": 0, ""ends"": 1, ""word"": ""Recent"" }",ACADEMIC MEDICINE,calls,2,1,2
A Schematic Representation of the Professional Identity Formation and Socialization of Medical Students and Residents: A Guide for Medical Educators,Recent calls to focus on identity formation in medicine propose that educators establish as a goal of medical education the support and guidance of students and residents as they develop their professional identity .,BIOLOGICAL SCIENCES,HEALTH CARE SCIENCES & SERVICES,2015-jun_JA_10-1097_ACM-0000000000000700_academic-medicine_cruess_richard2,Place_weight_on,"{ ""frameElement"": ""Consideration"", ""starts"": 4, ""ends"": 9, ""word"": ""on identity formation in medicine"" }, { ""frameElement"": ""Agent"", ""starts"": 0, ""ends"": 2, ""word"": ""Recent calls"" }",ACADEMIC MEDICINE,focus,4,3,2
A Schematic Representation of the Professional Identity Formation and Socialization of Medical Students and Residents: A Guide for Medical Educators,Recent calls to focus on identity formation in medicine propose that educators establish as a goal of medical education the support and guidance of students and residents as they develop their professional identity .,BIOLOGICAL SCIENCES,HEALTH CARE SCIENCES & SERVICES,2015-jun_JA_10-1097_ACM-0000000000000700_academic-medicine_cruess_richard2,Identicality,"{ ""frameElement"": ""Type"", ""starts"": 5, ""ends"": 6, ""word"": ""identity"" }",ACADEMIC MEDICINE,identity,6,5,2
A Schematic Representation of the Professional Identity Formation and Socialization of Medical Students and Residents: A Guide for Medical Educators,Recent calls to focus on identity formation in medicine propose that educators establish as a goal of medical education the support and guidance of students and residents as they develop their professional identity .,BIOLOGICAL SCIENCES,HEALTH CARE SCIENCES & SERVICES,2015-jun_JA_10-1097_ACM-0000000000000700_academic-medicine_cruess_richard2,Creating,"{ ""frameElement"": ""Created_entity"", ""starts"": 5, ""ends"": 6, ""word"": ""identity"" }",ACADEMIC MEDICINE,formation,7,6,2
A Schematic Representation of the Professional Identity Formation and Socialization of Medical Students and Residents: A Guide for Medical Educators,Recent calls to focus on identity formation in medicine propose that educators establish as a goal of medical education the support and guidance of students and residents as they develop their professional identity .,BIOLOGICAL SCIENCES,HEALTH CARE SCIENCES & SERVICES,2015-jun_JA_10-1097_ACM-0000000000000700_academic-medicine_cruess_richard2,Medical_specialties,"{ ""frameElement"": ""Specialty"", ""starts"": 8, ""ends"": 9, ""word"": ""medicine"" }",ACADEMIC MEDICINE,medicine,9,8,2
A Schematic Representation of the Professional Identity Formation and Socialization of Medical Students and Residents: A Guide for Medical Educators,Recent calls to focus on identity formation in medicine propose that educators establish as a goal of medical education the support and guidance of students and residents as they develop their professional identity .,BIOLOGICAL SCIENCES,HEALTH CARE SCIENCES & SERVICES,2015-jun_JA_10-1097_ACM-0000000000000700_academic-medicine_cruess_richard2,Statement,"{ ""frameElement"": ""Message"", ""starts"": 10, ""ends"": 33, ""word"": ""that educators establish as a goal of medical education the support and guidance of students and residents as they develop their professional identity"" }",ACADEMIC MEDICINE,propose,10,9,2
A Schematic Representation of the Professional Identity Formation and Socialization of Medical Students and Residents: A Guide for Medical Educators,Recent calls to focus on identity formation in medicine propose that educators establish as a goal of medical education the support and guidance of students and residents as they develop their professional identity .,BIOLOGICAL SCIENCES,HEALTH CARE SCIENCES & SERVICES,2015-jun_JA_10-1097_ACM-0000000000000700_academic-medicine_cruess_richard2,Intentionally_create,"{ ""frameElement"": ""Creator"", ""starts"": 11, ""ends"": 12, ""word"": ""educators"" }, { ""frameElement"": ""Created_entity"", ""starts"": 13, ""ends"": 33, ""word"": ""as a goal of medical education the support and guidance of students and residents as they develop their professional identity"" }",ACADEMIC MEDICINE,establish,13,12,2
A Schematic Representation of the Professional Identity Formation and Socialization of Medical Students and Residents: A Guide for Medical Educators,Recent calls to focus on identity formation in medicine propose that educators establish as a goal of medical education the support and guidance of students and residents as they develop their professional identity .,BIOLOGICAL SCIENCES,HEALTH CARE SCIENCES & SERVICES,2015-jun_JA_10-1097_ACM-0000000000000700_academic-medicine_cruess_richard2,Purpose,"{ ""frameElement"": ""Goal"", ""starts"": 14, ""ends"": 33, ""word"": ""a goal of medical education the support and guidance of students and residents as they develop their professional identity"" }",ACADEMIC MEDICINE,goal,16,15,2
A Schematic Representation of the Professional Identity Formation and Socialization of Medical Students and Residents: A Guide for Medical Educators,Recent calls to focus on identity formation in medicine propose that educators establish as a goal of medical education the support and guidance of students and residents as they develop their professional identity .,BIOLOGICAL SCIENCES,HEALTH CARE SCIENCES & SERVICES,2015-jun_JA_10-1097_ACM-0000000000000700_academic-medicine_cruess_richard2,Education_teaching,,ACADEMIC MEDICINE,education,19,18,2
A Schematic Representation of the Professional Identity Formation and Socialization of Medical Students and Residents: A Guide for Medical Educators,Recent calls to focus on identity formation in medicine propose that educators establish as a goal of medical education the support and guidance of students and residents as they develop their professional identity .,BIOLOGICAL SCIENCES,HEALTH CARE SCIENCES & SERVICES,2015-jun_JA_10-1097_ACM-0000000000000700_academic-medicine_cruess_richard2,Taking_sides,,ACADEMIC MEDICINE,support,21,20,2
A Schematic Representation of the Professional Identity Formation and Socialization of Medical Students and Residents: A Guide for Medical Educators,Recent calls to focus on identity formation in medicine propose that educators establish as a goal of medical education the support and guidance of students and residents as they develop their professional identity .,BIOLOGICAL SCIENCES,HEALTH CARE SCIENCES & SERVICES,2015-jun_JA_10-1097_ACM-0000000000000700_academic-medicine_cruess_richard2,Education_teaching,"{ ""frameElement"": ""Student"", ""starts"": 24, ""ends"": 25, ""word"": ""students"" }",ACADEMIC MEDICINE,students,25,24,2
A Schematic Representation of the Professional Identity Formation and Socialization of Medical Students and Residents: A Guide for Medical Educators,Recent calls to focus on identity formation in medicine propose that educators establish as a goal of medical education the support and guidance of students and residents as they develop their professional identity .,BIOLOGICAL SCIENCES,HEALTH CARE SCIENCES & SERVICES,2015-jun_JA_10-1097_ACM-0000000000000700_academic-medicine_cruess_richard2,Residence,"{ ""frameElement"": ""Resident"", ""starts"": 26, ""ends"": 27, ""word"": ""residents"" }",ACADEMIC MEDICINE,residents,27,26,2
A Schematic Representation of the Professional Identity Formation and Socialization of Medical Students and Residents: A Guide for Medical Educators,Recent calls to focus on identity formation in medicine propose that educators establish as a goal of medical education the support and guidance of students and residents as they develop their professional identity .,BIOLOGICAL SCIENCES,HEALTH CARE SCIENCES & SERVICES,2015-jun_JA_10-1097_ACM-0000000000000700_academic-medicine_cruess_richard2,Cause_to_make_progress,"{ ""frameElement"": ""Agent"", ""starts"": 28, ""ends"": 29, ""word"": ""they"" }, { ""frameElement"": ""Project"", ""starts"": 30, ""ends"": 33, ""word"": ""their professional identity"" }",ACADEMIC MEDICINE,develop,30,29,2
A Schematic Representation of the Professional Identity Formation and Socialization of Medical Students and Residents: A Guide for Medical Educators,Recent calls to focus on identity formation in medicine propose that educators establish as a goal of medical education the support and guidance of students and residents as they develop their professional identity .,BIOLOGICAL SCIENCES,HEALTH CARE SCIENCES & SERVICES,2015-jun_JA_10-1097_ACM-0000000000000700_academic-medicine_cruess_richard2,People_by_vocation,"{ ""frameElement"": ""Person"", ""starts"": 31, ""ends"": 32, ""word"": ""professional"" }",ACADEMIC MEDICINE,professional,32,31,2
A Schematic Representation of the Professional Identity Formation and Socialization of Medical Students and Residents: A Guide for Medical Educators,Recent calls to focus on identity formation in medicine propose that educators establish as a goal of medical education the support and guidance of students and residents as they develop their professional identity .,BIOLOGICAL SCIENCES,HEALTH CARE SCIENCES & SERVICES,2015-jun_JA_10-1097_ACM-0000000000000700_academic-medicine_cruess_richard2,Identicality,"{ ""frameElement"": ""Type"", ""starts"": 31, ""ends"": 32, ""word"": ""professional"" }",ACADEMIC MEDICINE,identity,33,32,2
A Schematic Representation of the Professional Identity Formation and Socialization of Medical Students and Residents: A Guide for Medical Educators,Those entering medical school arrive with a personal identity formed since birth .,BIOLOGICAL SCIENCES,HEALTH CARE SCIENCES & SERVICES,2015-jun_JA_10-1097_ACM-0000000000000700_academic-medicine_cruess_richard2,Arriving,"{ ""frameElement"": ""Goal"", ""starts"": 2, ""ends"": 3, ""word"": ""medical"" }",ACADEMIC MEDICINE,entering,2,1,3
A Schematic Representation of the Professional Identity Formation and Socialization of Medical Students and Residents: A Guide for Medical Educators,Those entering medical school arrive with a personal identity formed since birth .,BIOLOGICAL SCIENCES,HEALTH CARE SCIENCES & SERVICES,2015-jun_JA_10-1097_ACM-0000000000000700_academic-medicine_cruess_richard2,Locale_by_use,"{ ""frameElement"": ""Locale"", ""starts"": 3, ""ends"": 4, ""word"": ""school"" }, { ""frameElement"": ""Descriptor"", ""starts"": 2, ""ends"": 3, ""word"": ""medical"" }",ACADEMIC MEDICINE,school,4,3,3
A Schematic Representation of the Professional Identity Formation and Socialization of Medical Students and Residents: A Guide for Medical Educators,Those entering medical school arrive with a personal identity formed since birth .,BIOLOGICAL SCIENCES,HEALTH CARE SCIENCES & SERVICES,2015-jun_JA_10-1097_ACM-0000000000000700_academic-medicine_cruess_richard2,Arriving,"{ ""frameElement"": ""Theme"", ""starts"": 0, ""ends"": 4, ""word"": ""Those entering medical school"" }, { ""frameElement"": ""Depictive"", ""starts"": 5, ""ends"": 9, ""word"": ""with a personal identity"" }",ACADEMIC MEDICINE,arrive,5,4,3
A Schematic Representation of the Professional Identity Formation and Socialization of Medical Students and Residents: A Guide for Medical Educators,Those entering medical school arrive with a personal identity formed since birth .,BIOLOGICAL SCIENCES,HEALTH CARE SCIENCES & SERVICES,2015-jun_JA_10-1097_ACM-0000000000000700_academic-medicine_cruess_richard2,Identicality,"{ ""frameElement"": ""Type"", ""starts"": 8, ""ends"": 9, ""word"": ""identity"" }",ACADEMIC MEDICINE,identity,9,8,3
A Schematic Representation of the Professional Identity Formation and Socialization of Medical Students and Residents: A Guide for Medical Educators,Those entering medical school arrive with a personal identity formed since birth .,BIOLOGICAL SCIENCES,HEALTH CARE SCIENCES & SERVICES,2015-jun_JA_10-1097_ACM-0000000000000700_academic-medicine_cruess_richard2,Coming_to_be,"{ ""frameElement"": ""Entity"", ""starts"": 6, ""ends"": 9, ""word"": ""a personal identity"" }",ACADEMIC MEDICINE,formed,10,9,3
A Schematic Representation of the Professional Identity Formation and Socialization of Medical Students and Residents: A Guide for Medical Educators,Those entering medical school arrive with a personal identity formed since birth .,BIOLOGICAL SCIENCES,HEALTH CARE SCIENCES & SERVICES,2015-jun_JA_10-1097_ACM-0000000000000700_academic-medicine_cruess_richard2,Birth,,ACADEMIC MEDICINE,birth,12,11,3
A Schematic Representation of the Professional Identity Formation and Socialization of Medical Students and Residents: A Guide for Medical Educators,"As they proceed through the educational continuum , they successively develop the identity of a medical student , a resident , and a physician .",BIOLOGICAL SCIENCES,HEALTH CARE SCIENCES & SERVICES,2015-jun_JA_10-1097_ACM-0000000000000700_academic-medicine_cruess_richard2,Process_continue,"{ ""frameElement"": ""Event"", ""starts"": 1, ""ends"": 2, ""word"": ""they"" }, { ""frameElement"": ""Place"", ""starts"": 3, ""ends"": 7, ""word"": ""through the educational continuum"" }",ACADEMIC MEDICINE,proceed,3,2,4
A Schematic Representation of the Professional Identity Formation and Socialization of Medical Students and Residents: A Guide for Medical Educators,"As they proceed through the educational continuum , they successively develop the identity of a medical student , a resident , and a physician .",BIOLOGICAL SCIENCES,HEALTH CARE SCIENCES & SERVICES,2015-jun_JA_10-1097_ACM-0000000000000700_academic-medicine_cruess_richard2,Education_teaching,,ACADEMIC MEDICINE,educational,6,5,4
A Schematic Representation of the Professional Identity Formation and Socialization of Medical Students and Residents: A Guide for Medical Educators,"As they proceed through the educational continuum , they successively develop the identity of a medical student , a resident , and a physician .",BIOLOGICAL SCIENCES,HEALTH CARE SCIENCES & SERVICES,2015-jun_JA_10-1097_ACM-0000000000000700_academic-medicine_cruess_richard2,Cause_to_make_progress,"{ ""frameElement"": ""Agent"", ""starts"": 8, ""ends"": 9, ""word"": ""they"" }, { ""frameElement"": ""Project"", ""starts"": 11, ""ends"": 17, ""word"": ""the identity of a medical student"" }",ACADEMIC MEDICINE,develop,11,10,4
A Schematic Representation of the Professional Identity Formation and Socialization of Medical Students and Residents: A Guide for Medical Educators,"As they proceed through the educational continuum , they successively develop the identity of a medical student , a resident , and a physician .",BIOLOGICAL SCIENCES,HEALTH CARE SCIENCES & SERVICES,2015-jun_JA_10-1097_ACM-0000000000000700_academic-medicine_cruess_richard2,Identicality,,ACADEMIC MEDICINE,identity,13,12,4
A Schematic Representation of the Professional Identity Formation and Socialization of Medical Students and Residents: A Guide for Medical Educators,"As they proceed through the educational continuum , they successively develop the identity of a medical student , a resident , and a physician .",BIOLOGICAL SCIENCES,HEALTH CARE SCIENCES & SERVICES,2015-jun_JA_10-1097_ACM-0000000000000700_academic-medicine_cruess_richard2,Education_teaching,"{ ""frameElement"": ""Student"", ""starts"": 16, ""ends"": 17, ""word"": ""student"" }",ACADEMIC MEDICINE,student,17,16,4
A Schematic Representation of the Professional Identity Formation and Socialization of Medical Students and Residents: A Guide for Medical Educators,"As they proceed through the educational continuum , they successively develop the identity of a medical student , a resident , and a physician .",BIOLOGICAL SCIENCES,HEALTH CARE SCIENCES & SERVICES,2015-jun_JA_10-1097_ACM-0000000000000700_academic-medicine_cruess_richard2,Residence,"{ ""frameElement"": ""Resident"", ""starts"": 18, ""ends"": 24, ""word"": ""a resident , and a physician"" }",ACADEMIC MEDICINE,resident,20,19,4
A Schematic Representation of the Professional Identity Formation and Socialization of Medical Students and Residents: A Guide for Medical Educators,"As they proceed through the educational continuum , they successively develop the identity of a medical student , a resident , and a physician .",BIOLOGICAL SCIENCES,HEALTH CARE SCIENCES & SERVICES,2015-jun_JA_10-1097_ACM-0000000000000700_academic-medicine_cruess_richard2,Expertise,,ACADEMIC MEDICINE,physician,24,23,4
A Schematic Representation of the Professional Identity Formation and Socialization of Medical Students and Residents: A Guide for Medical Educators,Each individual 's journey from layperson to skilled professional is unique and is affected by `` who they are '' at the beginning and `` who they wish to become . '',BIOLOGICAL SCIENCES,HEALTH CARE SCIENCES & SERVICES,2015-jun_JA_10-1097_ACM-0000000000000700_academic-medicine_cruess_richard2,People,"{ ""frameElement"": ""Person"", ""starts"": 1, ""ends"": 2, ""word"": ""individual"" }",ACADEMIC MEDICINE,individual,2,1,5
A Schematic Representation of the Professional Identity Formation and Socialization of Medical Students and Residents: A Guide for Medical Educators,Each individual 's journey from layperson to skilled professional is unique and is affected by `` who they are '' at the beginning and `` who they wish to become . '',BIOLOGICAL SCIENCES,HEALTH CARE SCIENCES & SERVICES,2015-jun_JA_10-1097_ACM-0000000000000700_academic-medicine_cruess_richard2,Travel,"{ ""frameElement"": ""Time"", ""starts"": 4, ""ends"": 6, ""word"": ""from layperson"" }, { ""frameElement"": ""Traveler"", ""starts"": 0, ""ends"": 3, ""word"": ""Each individual 's"" }",ACADEMIC MEDICINE,journey,4,3,5
A Schematic Representation of the Professional Identity Formation and Socialization of Medical Students and Residents: A Guide for Medical Educators,Each individual 's journey from layperson to skilled professional is unique and is affected by `` who they are '' at the beginning and `` who they wish to become . '',BIOLOGICAL SCIENCES,HEALTH CARE SCIENCES & SERVICES,2015-jun_JA_10-1097_ACM-0000000000000700_academic-medicine_cruess_richard2,Expertise,"{ ""frameElement"": ""Protagonist"", ""starts"": 8, ""ends"": 9, ""word"": ""professional"" }",ACADEMIC MEDICINE,skilled,8,7,5
A Schematic Representation of the Professional Identity Formation and Socialization of Medical Students and Residents: A Guide for Medical Educators,Each individual 's journey from layperson to skilled professional is unique and is affected by `` who they are '' at the beginning and `` who they wish to become . '',BIOLOGICAL SCIENCES,HEALTH CARE SCIENCES & SERVICES,2015-jun_JA_10-1097_ACM-0000000000000700_academic-medicine_cruess_richard2,Idiosyncrasy,"{ ""frameElement"": ""Idiosyncrasy"", ""starts"": 10, ""ends"": 11, ""word"": ""unique"" }, { ""frameElement"": ""Entity"", ""starts"": 3, ""ends"": 9, ""word"": ""journey from layperson to skilled professional"" }",ACADEMIC MEDICINE,unique,11,10,5
A Schematic Representation of the Professional Identity Formation and Socialization of Medical Students and Residents: A Guide for Medical Educators,Each individual 's journey from layperson to skilled professional is unique and is affected by `` who they are '' at the beginning and `` who they wish to become . '',BIOLOGICAL SCIENCES,HEALTH CARE SCIENCES & SERVICES,2015-jun_JA_10-1097_ACM-0000000000000700_academic-medicine_cruess_richard2,Feigning,"{ ""frameElement"": ""State_of_affairs"", ""starts"": 14, ""ends"": 30, ""word"": ""by `` who they are '' at the beginning and `` who they wish to become"" }",ACADEMIC MEDICINE,affected,14,13,5
A Schematic Representation of the Professional Identity Formation and Socialization of Medical Students and Residents: A Guide for Medical Educators,Each individual 's journey from layperson to skilled professional is unique and is affected by `` who they are '' at the beginning and `` who they wish to become . '',BIOLOGICAL SCIENCES,HEALTH CARE SCIENCES & SERVICES,2015-jun_JA_10-1097_ACM-0000000000000700_academic-medicine_cruess_richard2,Temporal_subregion,"{ ""frameElement"": ""Sub_part"", ""starts"": 22, ""ends"": 23, ""word"": ""beginning"" }",ACADEMIC MEDICINE,beginning,23,22,5
A Schematic Representation of the Professional Identity Formation and Socialization of Medical Students and Residents: A Guide for Medical Educators,Each individual 's journey from layperson to skilled professional is unique and is affected by `` who they are '' at the beginning and `` who they wish to become . '',BIOLOGICAL SCIENCES,HEALTH CARE SCIENCES & SERVICES,2015-jun_JA_10-1097_ACM-0000000000000700_academic-medicine_cruess_richard2,Desiring,"{ ""frameElement"": ""Experiencer"", ""starts"": 26, ""ends"": 27, ""word"": ""they"" }",ACADEMIC MEDICINE,wish,28,27,5
A Schematic Representation of the Professional Identity Formation and Socialization of Medical Students and Residents: A Guide for Medical Educators,Each individual 's journey from layperson to skilled professional is unique and is affected by `` who they are '' at the beginning and `` who they wish to become . '',BIOLOGICAL SCIENCES,HEALTH CARE SCIENCES & SERVICES,2015-jun_JA_10-1097_ACM-0000000000000700_academic-medicine_cruess_richard2,Becoming,"{ ""frameElement"": ""Entity"", ""starts"": 26, ""ends"": 27, ""word"": ""they"" }",ACADEMIC MEDICINE,become,30,29,5
A Schematic Representation of the Professional Identity Formation and Socialization of Medical Students and Residents: A Guide for Medical Educators,Identity formation is a dynamic process achieved through socialization ; it results in individuals joining the medical community of practice .,BIOLOGICAL SCIENCES,HEALTH CARE SCIENCES & SERVICES,2015-jun_JA_10-1097_ACM-0000000000000700_academic-medicine_cruess_richard2,Identicality,"{ ""frameElement"": ""Type"", ""starts"": 0, ""ends"": 1, ""word"": ""Identity"" }",ACADEMIC MEDICINE,Identity,1,0,6
A Schematic Representation of the Professional Identity Formation and Socialization of Medical Students and Residents: A Guide for Medical Educators,Identity formation is a dynamic process achieved through socialization ; it results in individuals joining the medical community of practice .,BIOLOGICAL SCIENCES,HEALTH CARE SCIENCES & SERVICES,2015-jun_JA_10-1097_ACM-0000000000000700_academic-medicine_cruess_richard2,Creating,"{ ""frameElement"": ""Created_entity"", ""starts"": 0, ""ends"": 1, ""word"": ""Identity"" }",ACADEMIC MEDICINE,formation,2,1,6
A Schematic Representation of the Professional Identity Formation and Socialization of Medical Students and Residents: A Guide for Medical Educators,Identity formation is a dynamic process achieved through socialization ; it results in individuals joining the medical community of practice .,BIOLOGICAL SCIENCES,HEALTH CARE SCIENCES & SERVICES,2015-jun_JA_10-1097_ACM-0000000000000700_academic-medicine_cruess_richard2,Means,"{ ""frameElement"": ""Means"", ""starts"": 6, ""ends"": 9, ""word"": ""achieved through socialization"" }",ACADEMIC MEDICINE,process,6,5,6
A Schematic Representation of the Professional Identity Formation and Socialization of Medical Students and Residents: A Guide for Medical Educators,Identity formation is a dynamic process achieved through socialization ; it results in individuals joining the medical community of practice .,BIOLOGICAL SCIENCES,HEALTH CARE SCIENCES & SERVICES,2015-jun_JA_10-1097_ACM-0000000000000700_academic-medicine_cruess_richard2,Accomplishment,"{ ""frameElement"": ""Goal"", ""starts"": 7, ""ends"": 9, ""word"": ""through socialization"" }",ACADEMIC MEDICINE,achieved,7,6,6
A Schematic Representation of the Professional Identity Formation and Socialization of Medical Students and Residents: A Guide for Medical Educators,Identity formation is a dynamic process achieved through socialization ; it results in individuals joining the medical community of practice .,BIOLOGICAL SCIENCES,HEALTH CARE SCIENCES & SERVICES,2015-jun_JA_10-1097_ACM-0000000000000700_academic-medicine_cruess_richard2,Causation,"{ ""frameElement"": ""Cause"", ""starts"": 10, ""ends"": 11, ""word"": ""it"" }, { ""frameElement"": ""Effect"", ""starts"": 12, ""ends"": 20, ""word"": ""in individuals joining the medical community of practice"" }",ACADEMIC MEDICINE,results,12,11,6
A Schematic Representation of the Professional Identity Formation and Socialization of Medical Students and Residents: A Guide for Medical Educators,Identity formation is a dynamic process achieved through socialization ; it results in individuals joining the medical community of practice .,BIOLOGICAL SCIENCES,HEALTH CARE SCIENCES & SERVICES,2015-jun_JA_10-1097_ACM-0000000000000700_academic-medicine_cruess_richard2,People,"{ ""frameElement"": ""Person"", ""starts"": 13, ""ends"": 14, ""word"": ""individuals"" }",ACADEMIC MEDICINE,individuals,14,13,6
A Schematic Representation of the Professional Identity Formation and Socialization of Medical Students and Residents: A Guide for Medical Educators,Identity formation is a dynamic process achieved through socialization ; it results in individuals joining the medical community of practice .,BIOLOGICAL SCIENCES,HEALTH CARE SCIENCES & SERVICES,2015-jun_JA_10-1097_ACM-0000000000000700_academic-medicine_cruess_richard2,Becoming_a_member,"{ ""frameElement"": ""Group"", ""starts"": 15, ""ends"": 20, ""word"": ""the medical community of practice"" }",ACADEMIC MEDICINE,joining,15,14,6
A Schematic Representation of the Professional Identity Formation and Socialization of Medical Students and Residents: A Guide for Medical Educators,Identity formation is a dynamic process achieved through socialization ; it results in individuals joining the medical community of practice .,BIOLOGICAL SCIENCES,HEALTH CARE SCIENCES & SERVICES,2015-jun_JA_10-1097_ACM-0000000000000700_academic-medicine_cruess_richard2,Aggregate,"{ ""frameElement"": ""Aggregate"", ""starts"": 17, ""ends"": 18, ""word"": ""community"" }, { ""frameElement"": ""AggregateProperty"", ""starts"": 16, ""ends"": 17, ""word"": ""medical"" }, { ""frameElement"": ""Individuals"", ""starts"": 18, ""ends"": 20, ""word"": ""of practice"" }",ACADEMIC MEDICINE,community,18,17,6
A Schematic Representation of the Professional Identity Formation and Socialization of Medical Students and Residents: A Guide for Medical Educators,Identity formation is a dynamic process achieved through socialization ; it results in individuals joining the medical community of practice .,BIOLOGICAL SCIENCES,HEALTH CARE SCIENCES & SERVICES,2015-jun_JA_10-1097_ACM-0000000000000700_academic-medicine_cruess_richard2,Practice,,ACADEMIC MEDICINE,practice,20,19,6
A Schematic Representation of the Professional Identity Formation and Socialization of Medical Students and Residents: A Guide for Medical Educators,Multiple factors within and outside of the educational system affect the formation of an individual 's professional identity .,BIOLOGICAL SCIENCES,HEALTH CARE SCIENCES & SERVICES,2015-jun_JA_10-1097_ACM-0000000000000700_academic-medicine_cruess_richard2,Quantity,"{ ""frameElement"": ""Quantity"", ""starts"": 0, ""ends"": 1, ""word"": ""Multiple"" }, { ""frameElement"": ""Individuals"", ""starts"": 1, ""ends"": 2, ""word"": ""factors"" }",ACADEMIC MEDICINE,Multiple,1,0,7
A Schematic Representation of the Professional Identity Formation and Socialization of Medical Students and Residents: A Guide for Medical Educators,Multiple factors within and outside of the educational system affect the formation of an individual 's professional identity .,BIOLOGICAL SCIENCES,HEALTH CARE SCIENCES & SERVICES,2015-jun_JA_10-1097_ACM-0000000000000700_academic-medicine_cruess_richard2,Contingency,"{ ""frameElement"": ""Determinant"", ""starts"": 1, ""ends"": 2, ""word"": ""factors"" }",ACADEMIC MEDICINE,factors,2,1,7
A Schematic Representation of the Professional Identity Formation and Socialization of Medical Students and Residents: A Guide for Medical Educators,Multiple factors within and outside of the educational system affect the formation of an individual 's professional identity .,BIOLOGICAL SCIENCES,HEALTH CARE SCIENCES & SERVICES,2015-jun_JA_10-1097_ACM-0000000000000700_academic-medicine_cruess_richard2,Part_inner_outer,"{ ""frameElement"": ""Part"", ""starts"": 4, ""ends"": 5, ""word"": ""outside"" }, { ""frameElement"": ""Whole"", ""starts"": 5, ""ends"": 9, ""word"": ""of the educational system"" }",ACADEMIC MEDICINE,outside,5,4,7
A Schematic Representation of the Professional Identity Formation and Socialization of Medical Students and Residents: A Guide for Medical Educators,Multiple factors within and outside of the educational system affect the formation of an individual 's professional identity .,BIOLOGICAL SCIENCES,HEALTH CARE SCIENCES & SERVICES,2015-jun_JA_10-1097_ACM-0000000000000700_academic-medicine_cruess_richard2,Education_teaching,,ACADEMIC MEDICINE,educational,8,7,7
A Schematic Representation of the Professional Identity Formation and Socialization of Medical Students and Residents: A Guide for Medical Educators,Multiple factors within and outside of the educational system affect the formation of an individual 's professional identity .,BIOLOGICAL SCIENCES,HEALTH CARE SCIENCES & SERVICES,2015-jun_JA_10-1097_ACM-0000000000000700_academic-medicine_cruess_richard2,Gizmo,,ACADEMIC MEDICINE,system,9,8,7
A Schematic Representation of the Professional Identity Formation and Socialization of Medical Students and Residents: A Guide for Medical Educators,Multiple factors within and outside of the educational system affect the formation of an individual 's professional identity .,BIOLOGICAL SCIENCES,HEALTH CARE SCIENCES & SERVICES,2015-jun_JA_10-1097_ACM-0000000000000700_academic-medicine_cruess_richard2,Objective_influence,"{ ""frameElement"": ""Influencing_situation"", ""starts"": 0, ""ends"": 9, ""word"": ""Multiple factors within and outside of the educational system"" }",ACADEMIC MEDICINE,affect,10,9,7
A Schematic Representation of the Professional Identity Formation and Socialization of Medical Students and Residents: A Guide for Medical Educators,Multiple factors within and outside of the educational system affect the formation of an individual 's professional identity .,BIOLOGICAL SCIENCES,HEALTH CARE SCIENCES & SERVICES,2015-jun_JA_10-1097_ACM-0000000000000700_academic-medicine_cruess_richard2,Creating,"{ ""frameElement"": ""Created_entity"", ""starts"": 12, ""ends"": 18, ""word"": ""of an individual 's professional identity"" }",ACADEMIC MEDICINE,formation,12,11,7
A Schematic Representation of the Professional Identity Formation and Socialization of Medical Students and Residents: A Guide for Medical Educators,Multiple factors within and outside of the educational system affect the formation of an individual 's professional identity .,BIOLOGICAL SCIENCES,HEALTH CARE SCIENCES & SERVICES,2015-jun_JA_10-1097_ACM-0000000000000700_academic-medicine_cruess_richard2,People,"{ ""frameElement"": ""Person"", ""starts"": 14, ""ends"": 15, ""word"": ""individual"" }",ACADEMIC MEDICINE,individual,15,14,7
A Schematic Representation of the Professional Identity Formation and Socialization of Medical Students and Residents: A Guide for Medical Educators,Multiple factors within and outside of the educational system affect the formation of an individual 's professional identity .,BIOLOGICAL SCIENCES,HEALTH CARE SCIENCES & SERVICES,2015-jun_JA_10-1097_ACM-0000000000000700_academic-medicine_cruess_richard2,People_by_vocation,"{ ""frameElement"": ""Person"", ""starts"": 16, ""ends"": 17, ""word"": ""professional"" }",ACADEMIC MEDICINE,professional,17,16,7
A Schematic Representation of the Professional Identity Formation and Socialization of Medical Students and Residents: A Guide for Medical Educators,Multiple factors within and outside of the educational system affect the formation of an individual 's professional identity .,BIOLOGICAL SCIENCES,HEALTH CARE SCIENCES & SERVICES,2015-jun_JA_10-1097_ACM-0000000000000700_academic-medicine_cruess_richard2,Identicality,"{ ""frameElement"": ""Type"", ""starts"": 16, ""ends"": 17, ""word"": ""professional"" }",ACADEMIC MEDICINE,identity,18,17,7
A Schematic Representation of the Professional Identity Formation and Socialization of Medical Students and Residents: A Guide for Medical Educators,"Each learner reacts to different factors in her or his own fashion , with the anticipated outcome being the emergence of a professional identity .",BIOLOGICAL SCIENCES,HEALTH CARE SCIENCES & SERVICES,2015-jun_JA_10-1097_ACM-0000000000000700_academic-medicine_cruess_richard2,Similarity,"{ ""frameElement"": ""Entities"", ""starts"": 5, ""ends"": 6, ""word"": ""factors"" }",ACADEMIC MEDICINE,different,5,4,8
A Schematic Representation of the Professional Identity Formation and Socialization of Medical Students and Residents: A Guide for Medical Educators,"Each learner reacts to different factors in her or his own fashion , with the anticipated outcome being the emergence of a professional identity .",BIOLOGICAL SCIENCES,HEALTH CARE SCIENCES & SERVICES,2015-jun_JA_10-1097_ACM-0000000000000700_academic-medicine_cruess_richard2,Contingency,"{ ""frameElement"": ""Determinant"", ""starts"": 4, ""ends"": 5, ""word"": ""different"" }",ACADEMIC MEDICINE,factors,6,5,8
A Schematic Representation of the Professional Identity Formation and Socialization of Medical Students and Residents: A Guide for Medical Educators,"Each learner reacts to different factors in her or his own fashion , with the anticipated outcome being the emergence of a professional identity .",BIOLOGICAL SCIENCES,HEALTH CARE SCIENCES & SERVICES,2015-jun_JA_10-1097_ACM-0000000000000700_academic-medicine_cruess_richard2,Possession,"{ ""frameElement"": ""Possession"", ""starts"": 11, ""ends"": 12, ""word"": ""fashion"" }, { ""frameElement"": ""Owner"", ""starts"": 9, ""ends"": 10, ""word"": ""his"" }",ACADEMIC MEDICINE,own,11,10,8
A Schematic Representation of the Professional Identity Formation and Socialization of Medical Students and Residents: A Guide for Medical Educators,"Each learner reacts to different factors in her or his own fashion , with the anticipated outcome being the emergence of a professional identity .",BIOLOGICAL SCIENCES,HEALTH CARE SCIENCES & SERVICES,2015-jun_JA_10-1097_ACM-0000000000000700_academic-medicine_cruess_richard2,Building,"{ ""frameElement"": ""Created_entity"", ""starts"": 9, ""ends"": 10, ""word"": ""his"" }",ACADEMIC MEDICINE,fashion,12,11,8
A Schematic Representation of the Professional Identity Formation and Socialization of Medical Students and Residents: A Guide for Medical Educators,"Each learner reacts to different factors in her or his own fashion , with the anticipated outcome being the emergence of a professional identity .",BIOLOGICAL SCIENCES,HEALTH CARE SCIENCES & SERVICES,2015-jun_JA_10-1097_ACM-0000000000000700_academic-medicine_cruess_richard2,Proliferating_in_number,"{ ""frameElement"": ""Set"", ""starts"": 20, ""ends"": 24, ""word"": ""of a professional identity"" }",ACADEMIC MEDICINE,emergence,20,19,8
A Schematic Representation of the Professional Identity Formation and Socialization of Medical Students and Residents: A Guide for Medical Educators,"Each learner reacts to different factors in her or his own fashion , with the anticipated outcome being the emergence of a professional identity .",BIOLOGICAL SCIENCES,HEALTH CARE SCIENCES & SERVICES,2015-jun_JA_10-1097_ACM-0000000000000700_academic-medicine_cruess_richard2,People_by_vocation,"{ ""frameElement"": ""Person"", ""starts"": 22, ""ends"": 23, ""word"": ""professional"" }",ACADEMIC MEDICINE,professional,23,22,8
A Schematic Representation of the Professional Identity Formation and Socialization of Medical Students and Residents: A Guide for Medical Educators,"Each learner reacts to different factors in her or his own fashion , with the anticipated outcome being the emergence of a professional identity .",BIOLOGICAL SCIENCES,HEALTH CARE SCIENCES & SERVICES,2015-jun_JA_10-1097_ACM-0000000000000700_academic-medicine_cruess_richard2,Identicality,"{ ""frameElement"": ""Type"", ""starts"": 23, ""ends"": 24, ""word"": ""identity"" }",ACADEMIC MEDICINE,identity,24,23,8
A Schematic Representation of the Professional Identity Formation and Socialization of Medical Students and Residents: A Guide for Medical Educators,"However , the inherent logic in the related processes of professional identity formation and socialization may be obscured by their complexity and the large number of factors involved .",BIOLOGICAL SCIENCES,HEALTH CARE SCIENCES & SERVICES,2015-jun_JA_10-1097_ACM-0000000000000700_academic-medicine_cruess_richard2,Concessive,,ACADEMIC MEDICINE,However,1,0,9
A Schematic Representation of the Professional Identity Formation and Socialization of Medical Students and Residents: A Guide for Medical Educators,"However , the inherent logic in the related processes of professional identity formation and socialization may be obscured by their complexity and the large number of factors involved .",BIOLOGICAL SCIENCES,HEALTH CARE SCIENCES & SERVICES,2015-jun_JA_10-1097_ACM-0000000000000700_academic-medicine_cruess_richard2,Cognitive_connection,"{ ""frameElement"": ""Concept_1"", ""starts"": 8, ""ends"": 9, ""word"": ""processes"" }",ACADEMIC MEDICINE,related,8,7,9
A Schematic Representation of the Professional Identity Formation and Socialization of Medical Students and Residents: A Guide for Medical Educators,"However , the inherent logic in the related processes of professional identity formation and socialization may be obscured by their complexity and the large number of factors involved .",BIOLOGICAL SCIENCES,HEALTH CARE SCIENCES & SERVICES,2015-jun_JA_10-1097_ACM-0000000000000700_academic-medicine_cruess_richard2,Processing_materials,"{ ""frameElement"": ""Material"", ""starts"": 9, ""ends"": 15, ""word"": ""of professional identity formation and socialization"" }",ACADEMIC MEDICINE,processes,9,8,9
A Schematic Representation of the Professional Identity Formation and Socialization of Medical Students and Residents: A Guide for Medical Educators,"However , the inherent logic in the related processes of professional identity formation and socialization may be obscured by their complexity and the large number of factors involved .",BIOLOGICAL SCIENCES,HEALTH CARE SCIENCES & SERVICES,2015-jun_JA_10-1097_ACM-0000000000000700_academic-medicine_cruess_richard2,People_by_vocation,"{ ""frameElement"": ""Person"", ""starts"": 10, ""ends"": 11, ""word"": ""professional"" }",ACADEMIC MEDICINE,professional,11,10,9
A Schematic Representation of the Professional Identity Formation and Socialization of Medical Students and Residents: A Guide for Medical Educators,"However , the inherent logic in the related processes of professional identity formation and socialization may be obscured by their complexity and the large number of factors involved .",BIOLOGICAL SCIENCES,HEALTH CARE SCIENCES & SERVICES,2015-jun_JA_10-1097_ACM-0000000000000700_academic-medicine_cruess_richard2,Identicality,"{ ""frameElement"": ""Type"", ""starts"": 11, ""ends"": 12, ""word"": ""identity"" }",ACADEMIC MEDICINE,identity,12,11,9
A Schematic Representation of the Professional Identity Formation and Socialization of Medical Students and Residents: A Guide for Medical Educators,"However , the inherent logic in the related processes of professional identity formation and socialization may be obscured by their complexity and the large number of factors involved .",BIOLOGICAL SCIENCES,HEALTH CARE SCIENCES & SERVICES,2015-jun_JA_10-1097_ACM-0000000000000700_academic-medicine_cruess_richard2,Creating,"{ ""frameElement"": ""Created_entity"", ""starts"": 11, ""ends"": 12, ""word"": ""identity"" }",ACADEMIC MEDICINE,formation,13,12,9
A Schematic Representation of the Professional Identity Formation and Socialization of Medical Students and Residents: A Guide for Medical Educators,"However , the inherent logic in the related processes of professional identity formation and socialization may be obscured by their complexity and the large number of factors involved .",BIOLOGICAL SCIENCES,HEALTH CARE SCIENCES & SERVICES,2015-jun_JA_10-1097_ACM-0000000000000700_academic-medicine_cruess_richard2,Likelihood,"{ ""frameElement"": ""Hypothetical_event"", ""starts"": 2, ""ends"": 15, ""word"": ""the inherent logic in the related processes of professional identity formation and socialization"" }",ACADEMIC MEDICINE,may,16,15,9
A Schematic Representation of the Professional Identity Formation and Socialization of Medical Students and Residents: A Guide for Medical Educators,"However , the inherent logic in the related processes of professional identity formation and socialization may be obscured by their complexity and the large number of factors involved .",BIOLOGICAL SCIENCES,HEALTH CARE SCIENCES & SERVICES,2015-jun_JA_10-1097_ACM-0000000000000700_academic-medicine_cruess_richard2,Eclipse,,ACADEMIC MEDICINE,obscured,18,17,9
A Schematic Representation of the Professional Identity Formation and Socialization of Medical Students and Residents: A Guide for Medical Educators,"However , the inherent logic in the related processes of professional identity formation and socialization may be obscured by their complexity and the large number of factors involved .",BIOLOGICAL SCIENCES,HEALTH CARE SCIENCES & SERVICES,2015-jun_JA_10-1097_ACM-0000000000000700_academic-medicine_cruess_richard2,Dimension,"{ ""frameElement"": ""Object"", ""starts"": 24, ""ends"": 25, ""word"": ""number"" }, { ""frameElement"": ""Dimension"", ""starts"": 23, ""ends"": 24, ""word"": ""large"" }",ACADEMIC MEDICINE,large,24,23,9
A Schematic Representation of the Professional Identity Formation and Socialization of Medical Students and Residents: A Guide for Medical Educators,"However , the inherent logic in the related processes of professional identity formation and socialization may be obscured by their complexity and the large number of factors involved .",BIOLOGICAL SCIENCES,HEALTH CARE SCIENCES & SERVICES,2015-jun_JA_10-1097_ACM-0000000000000700_academic-medicine_cruess_richard2,Quantity,"{ ""frameElement"": ""Q_Prop"", ""starts"": 23, ""ends"": 24, ""word"": ""large"" }, { ""frameElement"": ""Quantity"", ""starts"": 24, ""ends"": 25, ""word"": ""number"" }, { ""frameElement"": ""Individuals"", ""starts"": 25, ""ends"": 28, ""word"": ""of factors involved"" }",ACADEMIC MEDICINE,number,25,24,9
A Schematic Representation of the Professional Identity Formation and Socialization of Medical Students and Residents: A Guide for Medical Educators,"However , the inherent logic in the related processes of professional identity formation and socialization may be obscured by their complexity and the large number of factors involved .",BIOLOGICAL SCIENCES,HEALTH CARE SCIENCES & SERVICES,2015-jun_JA_10-1097_ACM-0000000000000700_academic-medicine_cruess_richard2,Contingency,,ACADEMIC MEDICINE,factors,27,26,9
A Schematic Representation of the Professional Identity Formation and Socialization of Medical Students and Residents: A Guide for Medical Educators,"However , the inherent logic in the related processes of professional identity formation and socialization may be obscured by their complexity and the large number of factors involved .",BIOLOGICAL SCIENCES,HEALTH CARE SCIENCES & SERVICES,2015-jun_JA_10-1097_ACM-0000000000000700_academic-medicine_cruess_richard2,Participation,,ACADEMIC MEDICINE,involved,28,27,9
A Schematic Representation of the Professional Identity Formation and Socialization of Medical Students and Residents: A Guide for Medical Educators,"Drawing on the identity formation and socialization literature , as well as experience gained in teaching professionalism , the authors developed schematic representations of these processes .",BIOLOGICAL SCIENCES,HEALTH CARE SCIENCES & SERVICES,2015-jun_JA_10-1097_ACM-0000000000000700_academic-medicine_cruess_richard2,Cause_motion,"{ ""frameElement"": ""Theme"", ""starts"": 1, ""ends"": 8, ""word"": ""on the identity formation and socialization literature"" }",ACADEMIC MEDICINE,Drawing,1,0,10
A Schematic Representation of the Professional Identity Formation and Socialization of Medical Students and Residents: A Guide for Medical Educators,"Drawing on the identity formation and socialization literature , as well as experience gained in teaching professionalism , the authors developed schematic representations of these processes .",BIOLOGICAL SCIENCES,HEALTH CARE SCIENCES & SERVICES,2015-jun_JA_10-1097_ACM-0000000000000700_academic-medicine_cruess_richard2,Identicality,"{ ""frameElement"": ""Type"", ""starts"": 3, ""ends"": 4, ""word"": ""identity"" }",ACADEMIC MEDICINE,identity,4,3,10
A Schematic Representation of the Professional Identity Formation and Socialization of Medical Students and Residents: A Guide for Medical Educators,"Drawing on the identity formation and socialization literature , as well as experience gained in teaching professionalism , the authors developed schematic representations of these processes .",BIOLOGICAL SCIENCES,HEALTH CARE SCIENCES & SERVICES,2015-jun_JA_10-1097_ACM-0000000000000700_academic-medicine_cruess_richard2,Creating,"{ ""frameElement"": ""Created_entity"", ""starts"": 3, ""ends"": 4, ""word"": ""identity"" }",ACADEMIC MEDICINE,formation,5,4,10
A Schematic Representation of the Professional Identity Formation and Socialization of Medical Students and Residents: A Guide for Medical Educators,"Drawing on the identity formation and socialization literature , as well as experience gained in teaching professionalism , the authors developed schematic representations of these processes .",BIOLOGICAL SCIENCES,HEALTH CARE SCIENCES & SERVICES,2015-jun_JA_10-1097_ACM-0000000000000700_academic-medicine_cruess_richard2,Fields,,ACADEMIC MEDICINE,literature,8,7,10
A Schematic Representation of the Professional Identity Formation and Socialization of Medical Students and Residents: A Guide for Medical Educators,"Drawing on the identity formation and socialization literature , as well as experience gained in teaching professionalism , the authors developed schematic representations of these processes .",BIOLOGICAL SCIENCES,HEALTH CARE SCIENCES & SERVICES,2015-jun_JA_10-1097_ACM-0000000000000700_academic-medicine_cruess_richard2,Expertise,,ACADEMIC MEDICINE,experience,13,12,10
A Schematic Representation of the Professional Identity Formation and Socialization of Medical Students and Residents: A Guide for Medical Educators,"Drawing on the identity formation and socialization literature , as well as experience gained in teaching professionalism , the authors developed schematic representations of these processes .",BIOLOGICAL SCIENCES,HEALTH CARE SCIENCES & SERVICES,2015-jun_JA_10-1097_ACM-0000000000000700_academic-medicine_cruess_richard2,Change_position_on_a_scale,"{ ""frameElement"": ""Item"", ""starts"": 14, ""ends"": 17, ""word"": ""in teaching professionalism"" }",ACADEMIC MEDICINE,gained,14,13,10
A Schematic Representation of the Professional Identity Formation and Socialization of Medical Students and Residents: A Guide for Medical Educators,"Drawing on the identity formation and socialization literature , as well as experience gained in teaching professionalism , the authors developed schematic representations of these processes .",BIOLOGICAL SCIENCES,HEALTH CARE SCIENCES & SERVICES,2015-jun_JA_10-1097_ACM-0000000000000700_academic-medicine_cruess_richard2,Cause_to_make_progress,"{ ""frameElement"": ""Agent"", ""starts"": 18, ""ends"": 20, ""word"": ""the authors"" }, { ""frameElement"": ""Project"", ""starts"": 21, ""ends"": 26, ""word"": ""schematic representations of these processes"" }",ACADEMIC MEDICINE,developed,21,20,10
A Schematic Representation of the Professional Identity Formation and Socialization of Medical Students and Residents: A Guide for Medical Educators,"Drawing on the identity formation and socialization literature , as well as experience gained in teaching professionalism , the authors developed schematic representations of these processes .",BIOLOGICAL SCIENCES,HEALTH CARE SCIENCES & SERVICES,2015-jun_JA_10-1097_ACM-0000000000000700_academic-medicine_cruess_richard2,Communicate_categorization,"{ ""frameElement"": ""Item"", ""starts"": 23, ""ends"": 26, ""word"": ""of these processes"" }",ACADEMIC MEDICINE,representations,23,22,10
A Schematic Representation of the Professional Identity Formation and Socialization of Medical Students and Residents: A Guide for Medical Educators,"Drawing on the identity formation and socialization literature , as well as experience gained in teaching professionalism , the authors developed schematic representations of these processes .",BIOLOGICAL SCIENCES,HEALTH CARE SCIENCES & SERVICES,2015-jun_JA_10-1097_ACM-0000000000000700_academic-medicine_cruess_richard2,Processing_materials,,ACADEMIC MEDICINE,processes,26,25,10
A Schematic Representation of the Professional Identity Formation and Socialization of Medical Students and Residents: A Guide for Medical Educators,"They adapted them to the medical context to guide educators as they initiate educational interventions , which aim to explicitly support professional identity formation and the ultimate goal of medical education-to ensure that medical students and residents come to `` think , act , and feel like a physician . ''",BIOLOGICAL SCIENCES,HEALTH CARE SCIENCES & SERVICES,2015-jun_JA_10-1097_ACM-0000000000000700_academic-medicine_cruess_richard2,Waking_up,,ACADEMIC MEDICINE,come to,39,37,11
A Schematic Representation of the Professional Identity Formation and Socialization of Medical Students and Residents: A Guide for Medical Educators,"They adapted them to the medical context to guide educators as they initiate educational interventions , which aim to explicitly support professional identity formation and the ultimate goal of medical education-to ensure that medical students and residents come to `` think , act , and feel like a physician . ''",BIOLOGICAL SCIENCES,HEALTH CARE SCIENCES & SERVICES,2015-jun_JA_10-1097_ACM-0000000000000700_academic-medicine_cruess_richard2,Desiring,"{ ""frameElement"": ""Experiencer"", ""starts"": 33, ""ends"": 37, ""word"": ""medical students and residents"" }",ACADEMIC MEDICINE,feel like,47,45,11
A Schematic Representation of the Professional Identity Formation and Socialization of Medical Students and Residents: A Guide for Medical Educators,"They adapted them to the medical context to guide educators as they initiate educational interventions , which aim to explicitly support professional identity formation and the ultimate goal of medical education-to ensure that medical students and residents come to `` think , act , and feel like a physician . ''",BIOLOGICAL SCIENCES,HEALTH CARE SCIENCES & SERVICES,2015-jun_JA_10-1097_ACM-0000000000000700_academic-medicine_cruess_richard2,Cotheme,"{ ""frameElement"": ""Cotheme"", ""starts"": 9, ""ends"": 10, ""word"": ""educators"" }, { ""frameElement"": ""Theme"", ""starts"": 0, ""ends"": 1, ""word"": ""They"" }",ACADEMIC MEDICINE,guide,9,8,11
A Schematic Representation of the Professional Identity Formation and Socialization of Medical Students and Residents: A Guide for Medical Educators,"They adapted them to the medical context to guide educators as they initiate educational interventions , which aim to explicitly support professional identity formation and the ultimate goal of medical education-to ensure that medical students and residents come to `` think , act , and feel like a physician . ''",BIOLOGICAL SCIENCES,HEALTH CARE SCIENCES & SERVICES,2015-jun_JA_10-1097_ACM-0000000000000700_academic-medicine_cruess_richard2,Activity_start,"{ ""frameElement"": ""Activity"", ""starts"": 13, ""ends"": 49, ""word"": ""educational interventions , which aim to explicitly support professional identity formation and the ultimate goal of medical education-to ensure that medical students and residents come to `` think , act , and feel like a physician"" }, { ""frameElement"": ""Agent"", ""starts"": 11, ""ends"": 12, ""word"": ""they"" }",ACADEMIC MEDICINE,initiate,13,12,11
A Schematic Representation of the Professional Identity Formation and Socialization of Medical Students and Residents: A Guide for Medical Educators,"They adapted them to the medical context to guide educators as they initiate educational interventions , which aim to explicitly support professional identity formation and the ultimate goal of medical education-to ensure that medical students and residents come to `` think , act , and feel like a physician . ''",BIOLOGICAL SCIENCES,HEALTH CARE SCIENCES & SERVICES,2015-jun_JA_10-1097_ACM-0000000000000700_academic-medicine_cruess_richard2,Education_teaching,,ACADEMIC MEDICINE,educational,14,13,11
A Schematic Representation of the Professional Identity Formation and Socialization of Medical Students and Residents: A Guide for Medical Educators,"They adapted them to the medical context to guide educators as they initiate educational interventions , which aim to explicitly support professional identity formation and the ultimate goal of medical education-to ensure that medical students and residents come to `` think , act , and feel like a physician . ''",BIOLOGICAL SCIENCES,HEALTH CARE SCIENCES & SERVICES,2015-jun_JA_10-1097_ACM-0000000000000700_academic-medicine_cruess_richard2,Aiming,,ACADEMIC MEDICINE,aim,18,17,11
A Schematic Representation of the Professional Identity Formation and Socialization of Medical Students and Residents: A Guide for Medical Educators,"They adapted them to the medical context to guide educators as they initiate educational interventions , which aim to explicitly support professional identity formation and the ultimate goal of medical education-to ensure that medical students and residents come to `` think , act , and feel like a physician . ''",BIOLOGICAL SCIENCES,HEALTH CARE SCIENCES & SERVICES,2015-jun_JA_10-1097_ACM-0000000000000700_academic-medicine_cruess_richard2,Taking_sides,"{ ""frameElement"": ""Cognizer"", ""starts"": 11, ""ends"": 12, ""word"": ""they"" }",ACADEMIC MEDICINE,support,21,20,11
A Schematic Representation of the Professional Identity Formation and Socialization of Medical Students and Residents: A Guide for Medical Educators,"They adapted them to the medical context to guide educators as they initiate educational interventions , which aim to explicitly support professional identity formation and the ultimate goal of medical education-to ensure that medical students and residents come to `` think , act , and feel like a physician . ''",BIOLOGICAL SCIENCES,HEALTH CARE SCIENCES & SERVICES,2015-jun_JA_10-1097_ACM-0000000000000700_academic-medicine_cruess_richard2,People_by_vocation,"{ ""frameElement"": ""Person"", ""starts"": 21, ""ends"": 22, ""word"": ""professional"" }",ACADEMIC MEDICINE,professional,22,21,11
A Schematic Representation of the Professional Identity Formation and Socialization of Medical Students and Residents: A Guide for Medical Educators,"They adapted them to the medical context to guide educators as they initiate educational interventions , which aim to explicitly support professional identity formation and the ultimate goal of medical education-to ensure that medical students and residents come to `` think , act , and feel like a physician . ''",BIOLOGICAL SCIENCES,HEALTH CARE SCIENCES & SERVICES,2015-jun_JA_10-1097_ACM-0000000000000700_academic-medicine_cruess_richard2,Identicality,"{ ""frameElement"": ""Type"", ""starts"": 22, ""ends"": 23, ""word"": ""identity"" }",ACADEMIC MEDICINE,identity,23,22,11
A Schematic Representation of the Professional Identity Formation and Socialization of Medical Students and Residents: A Guide for Medical Educators,"They adapted them to the medical context to guide educators as they initiate educational interventions , which aim to explicitly support professional identity formation and the ultimate goal of medical education-to ensure that medical students and residents come to `` think , act , and feel like a physician . ''",BIOLOGICAL SCIENCES,HEALTH CARE SCIENCES & SERVICES,2015-jun_JA_10-1097_ACM-0000000000000700_academic-medicine_cruess_richard2,Creating,"{ ""frameElement"": ""Created_entity"", ""starts"": 22, ""ends"": 23, ""word"": ""identity"" }",ACADEMIC MEDICINE,formation,24,23,11
A Schematic Representation of the Professional Identity Formation and Socialization of Medical Students and Residents: A Guide for Medical Educators,"They adapted them to the medical context to guide educators as they initiate educational interventions , which aim to explicitly support professional identity formation and the ultimate goal of medical education-to ensure that medical students and residents come to `` think , act , and feel like a physician . ''",BIOLOGICAL SCIENCES,HEALTH CARE SCIENCES & SERVICES,2015-jun_JA_10-1097_ACM-0000000000000700_academic-medicine_cruess_richard2,Purpose,,ACADEMIC MEDICINE,goal,28,27,11
A Schematic Representation of the Professional Identity Formation and Socialization of Medical Students and Residents: A Guide for Medical Educators,"They adapted them to the medical context to guide educators as they initiate educational interventions , which aim to explicitly support professional identity formation and the ultimate goal of medical education-to ensure that medical students and residents come to `` think , act , and feel like a physician . ''",BIOLOGICAL SCIENCES,HEALTH CARE SCIENCES & SERVICES,2015-jun_JA_10-1097_ACM-0000000000000700_academic-medicine_cruess_richard2,Education_teaching,"{ ""frameElement"": ""Student"", ""starts"": 34, ""ends"": 35, ""word"": ""students"" }",ACADEMIC MEDICINE,students,35,34,11
A Schematic Representation of the Professional Identity Formation and Socialization of Medical Students and Residents: A Guide for Medical Educators,"They adapted them to the medical context to guide educators as they initiate educational interventions , which aim to explicitly support professional identity formation and the ultimate goal of medical education-to ensure that medical students and residents come to `` think , act , and feel like a physician . ''",BIOLOGICAL SCIENCES,HEALTH CARE SCIENCES & SERVICES,2015-jun_JA_10-1097_ACM-0000000000000700_academic-medicine_cruess_richard2,Residence,"{ ""frameElement"": ""Resident"", ""starts"": 36, ""ends"": 37, ""word"": ""residents"" }",ACADEMIC MEDICINE,residents,37,36,11
A Schematic Representation of the Professional Identity Formation and Socialization of Medical Students and Residents: A Guide for Medical Educators,"They adapted them to the medical context to guide educators as they initiate educational interventions , which aim to explicitly support professional identity formation and the ultimate goal of medical education-to ensure that medical students and residents come to `` think , act , and feel like a physician . ''",BIOLOGICAL SCIENCES,HEALTH CARE SCIENCES & SERVICES,2015-jun_JA_10-1097_ACM-0000000000000700_academic-medicine_cruess_richard2,Awareness,,ACADEMIC MEDICINE,think,41,40,11
A Schematic Representation of the Professional Identity Formation and Socialization of Medical Students and Residents: A Guide for Medical Educators,"They adapted them to the medical context to guide educators as they initiate educational interventions , which aim to explicitly support professional identity formation and the ultimate goal of medical education-to ensure that medical students and residents come to `` think , act , and feel like a physician . ''",BIOLOGICAL SCIENCES,HEALTH CARE SCIENCES & SERVICES,2015-jun_JA_10-1097_ACM-0000000000000700_academic-medicine_cruess_richard2,Intentionally_act,"{ ""frameElement"": ""Act"", ""starts"": 45, ""ends"": 49, ""word"": ""feel like a physician"" }, { ""frameElement"": ""Agent"", ""starts"": 33, ""ends"": 37, ""word"": ""medical students and residents"" }",ACADEMIC MEDICINE,act,43,42,11
A Schematic Representation of the Professional Identity Formation and Socialization of Medical Students and Residents: A Guide for Medical Educators,"They adapted them to the medical context to guide educators as they initiate educational interventions , which aim to explicitly support professional identity formation and the ultimate goal of medical education-to ensure that medical students and residents come to `` think , act , and feel like a physician . ''",BIOLOGICAL SCIENCES,HEALTH CARE SCIENCES & SERVICES,2015-jun_JA_10-1097_ACM-0000000000000700_academic-medicine_cruess_richard2,Expertise,,ACADEMIC MEDICINE,physician,49,48,11
