ID,FORM,LEMMA,PLEMMA,POS,PPOS,FEAT,PFEAT,HEAD,PHEAD,DEPREL,PDEPREL,FILLPRED,PRED,APRED
1,the,_,The,_,DT,2,_,_,_,_,_,_,_,O
2,first,_,first,_,JJ,2,_,_,_,_,_,_,_,O
3,law,_,law,_,NN,2,_,_,_,_,_,_,_,O
4,of,_,of,_,IN,2,_,_,_,_,_,_,_,O
5,thermodynamics,_,UNK,_,NNS,2,_,_,_,_,_,_,_,O
6,imposes,_,UNK,_,NNS,2,_,_,_,_,_,_,_,O
7,not,_,not,_,RB,2,_,_,_,_,_,not.adv,Negation,O
8,just,_,just,_,RB,2,_,_,_,_,_,_,_,O
9,a,_,a,_,DT,2,_,_,_,_,_,_,_,O
10,constraint,_,UNK,_,NN,2,_,_,_,_,_,_,_,B-Negated_proposition
11,on,_,on,_,IN,2,_,_,_,_,_,_,_,I-Negated_proposition
12,the,_,the,_,DT,2,_,_,_,_,_,_,_,I-Negated_proposition
13,energy,_,energy,_,NN,2,_,_,_,_,_,_,_,I-Negated_proposition
14,content,_,content,_,NN,2,_,_,_,_,_,_,_,I-Negated_proposition
15,of,_,of,_,IN,2,_,_,_,_,_,_,_,I-Negated_proposition
16,systems,_,system,_,NNS,2,_,_,_,_,_,_,_,I-Negated_proposition
17,in,_,in,_,IN,2,_,_,_,_,_,_,_,I-Negated_proposition
18,extreme,_,extreme,_,JJ,2,_,_,_,_,_,_,_,I-Negated_proposition
19,quantum,_,UNK,_,NN,2,_,_,_,_,_,_,_,I-Negated_proposition
20,regimes,_,regime,_,NNS,2,_,_,_,_,_,_,_,I-Negated_proposition
21,but,_,but,_,CC,2,_,_,_,_,_,_,_,I-Negated_proposition
22,also,_,also,_,RB,2,_,_,_,_,_,_,_,I-Negated_proposition
23,symmetry,_,UNK,_,NN,2,_,_,_,_,_,_,_,I-Negated_proposition
24,constraints,_,UNK,_,NNS,2,_,_,_,_,_,_,_,I-Negated_proposition
25,related,_,relate,_,VBN,2,_,_,_,_,_,_,_,I-Negated_proposition
26,to,_,to,_,TO,2,_,_,_,_,_,_,_,I-Negated_proposition
27,the,_,the,_,DT,2,_,_,_,_,_,_,_,I-Negated_proposition
28,thermodynamic,_,UNK,_,JJ,2,_,_,_,_,_,_,_,I-Negated_proposition
29,processing,_,processing,_,NN,2,_,_,_,_,_,_,_,I-Negated_proposition
30,of,_,of,_,IN,2,_,_,_,_,_,_,_,O
31,quantum,_,UNK,_,JJ,2,_,_,_,_,_,_,_,O
32,coherence,_,UNK,_,NN,2,_,_,_,_,_,_,_,O
33,.,_,.,_,.,2,_,_,_,_,_,_,_,O
1,the,_,The,_,DT,2,_,_,_,_,_,_,_,B-Time
2,first,_,first,_,JJ,2,_,_,_,_,_,_,_,I-Time
3,law,_,law,_,NN,2,_,_,_,_,_,_,_,I-Time
4,of,_,of,_,IN,2,_,_,_,_,_,_,_,I-Time
5,thermodynamics,_,UNK,_,NNS,2,_,_,_,_,_,_,_,I-Time
6,imposes,_,UNK,_,NNS,2,_,_,_,_,_,_,_,I-Time
7,not,_,not,_,RB,2,_,_,_,_,_,_,_,I-Time
8,just,_,just,_,RB,2,_,_,_,_,_,_,_,I-Time
9,a,_,a,_,DT,2,_,_,_,_,_,_,_,I-Time
10,constraint,_,UNK,_,NN,2,_,_,_,_,_,_,_,I-Time
11,on,_,on,_,IN,2,_,_,_,_,_,_,_,I-Time
12,the,_,the,_,DT,2,_,_,_,_,_,_,_,I-Time
13,energy,_,energy,_,NN,2,_,_,_,_,_,energy.n,Dynamism,B-Degree
14,content,_,content,_,NN,2,_,_,_,_,_,_,_,I-Degree
15,of,_,of,_,IN,2,_,_,_,_,_,_,_,I-Degree
16,systems,_,system,_,NNS,2,_,_,_,_,_,_,_,I-Degree
17,in,_,in,_,IN,2,_,_,_,_,_,_,_,I-Degree
18,extreme,_,extreme,_,JJ,2,_,_,_,_,_,_,_,I-Degree
19,quantum,_,UNK,_,NN,2,_,_,_,_,_,_,_,I-Degree
20,regimes,_,regime,_,NNS,2,_,_,_,_,_,_,_,I-Degree
21,but,_,but,_,CC,2,_,_,_,_,_,_,_,I-Degree
22,also,_,also,_,RB,2,_,_,_,_,_,_,_,I-Degree
23,symmetry,_,UNK,_,NN,2,_,_,_,_,_,_,_,I-Degree
24,constraints,_,UNK,_,NNS,2,_,_,_,_,_,_,_,I-Degree
25,related,_,relate,_,VBN,2,_,_,_,_,_,_,_,I-Degree
26,to,_,to,_,TO,2,_,_,_,_,_,_,_,I-Degree
27,the,_,the,_,DT,2,_,_,_,_,_,_,_,I-Degree
28,thermodynamic,_,UNK,_,JJ,2,_,_,_,_,_,_,_,I-Degree
29,processing,_,processing,_,NN,2,_,_,_,_,_,_,_,I-Degree
30,of,_,of,_,IN,2,_,_,_,_,_,_,_,I-Degree
31,quantum,_,UNK,_,JJ,2,_,_,_,_,_,_,_,I-Degree
32,coherence,_,UNK,_,NN,2,_,_,_,_,_,_,_,I-Degree
33,.,_,.,_,.,2,_,_,_,_,_,_,_,I-Degree
1,the,_,The,_,DT,2,_,_,_,_,_,_,_,B-Age
2,first,_,first,_,JJ,2,_,_,_,_,_,_,_,I-Age
3,law,_,law,_,NN,2,_,_,_,_,_,_,_,I-Age
4,of,_,of,_,IN,2,_,_,_,_,_,_,_,I-Age
5,thermodynamics,_,UNK,_,NNS,2,_,_,_,_,_,_,_,I-Age
6,imposes,_,UNK,_,NNS,2,_,_,_,_,_,_,_,I-Age
7,not,_,not,_,RB,2,_,_,_,_,_,_,_,I-Age
8,just,_,just,_,RB,2,_,_,_,_,_,_,_,I-Age
9,a,_,a,_,DT,2,_,_,_,_,_,_,_,I-Age
10,constraint,_,UNK,_,NN,2,_,_,_,_,_,_,_,I-Age
11,on,_,on,_,IN,2,_,_,_,_,_,_,_,I-Age
12,the,_,the,_,DT,2,_,_,_,_,_,_,_,I-Age
13,energy,_,energy,_,NN,2,_,_,_,_,_,_,_,I-Age
14,content,_,content,_,NN,2,_,_,_,_,_,_,_,I-Age
15,of,_,of,_,IN,2,_,_,_,_,_,of.prep,Age,S-Degree
16,systems,_,system,_,NNS,2,_,_,_,_,_,_,_,B-Age
17,in,_,in,_,IN,2,_,_,_,_,_,_,_,I-Age
18,extreme,_,extreme,_,JJ,2,_,_,_,_,_,_,_,I-Age
19,quantum,_,UNK,_,NN,2,_,_,_,_,_,_,_,I-Age
20,regimes,_,regime,_,NNS,2,_,_,_,_,_,_,_,I-Age
21,but,_,but,_,CC,2,_,_,_,_,_,_,_,I-Age
22,also,_,also,_,RB,2,_,_,_,_,_,_,_,I-Age
23,symmetry,_,UNK,_,NN,2,_,_,_,_,_,_,_,I-Age
24,constraints,_,UNK,_,NNS,2,_,_,_,_,_,_,_,I-Age
25,related,_,relate,_,VBN,2,_,_,_,_,_,_,_,I-Age
26,to,_,to,_,TO,2,_,_,_,_,_,_,_,I-Age
27,the,_,the,_,DT,2,_,_,_,_,_,_,_,I-Age
28,thermodynamic,_,UNK,_,JJ,2,_,_,_,_,_,_,_,I-Age
29,processing,_,processing,_,NN,2,_,_,_,_,_,_,_,I-Age
30,of,_,of,_,IN,2,_,_,_,_,_,_,_,I-Age
31,quantum,_,UNK,_,JJ,2,_,_,_,_,_,_,_,I-Age
32,coherence,_,UNK,_,NN,2,_,_,_,_,_,_,_,I-Age
33,.,_,.,_,.,2,_,_,_,_,_,_,_,I-Age
1,the,_,The,_,DT,2,_,_,_,_,_,_,_,O
2,first,_,first,_,JJ,2,_,_,_,_,_,_,_,O
3,law,_,law,_,NN,2,_,_,_,_,_,_,_,O
4,of,_,of,_,IN,2,_,_,_,_,_,_,_,O
5,thermodynamics,_,UNK,_,NNS,2,_,_,_,_,_,_,_,O
6,imposes,_,UNK,_,NNS,2,_,_,_,_,_,_,_,O
7,not,_,not,_,RB,2,_,_,_,_,_,_,_,O
8,just,_,just,_,RB,2,_,_,_,_,_,_,_,O
9,a,_,a,_,DT,2,_,_,_,_,_,_,_,O
10,constraint,_,UNK,_,NN,2,_,_,_,_,_,_,_,O
11,on,_,on,_,IN,2,_,_,_,_,_,_,_,O
12,the,_,the,_,DT,2,_,_,_,_,_,_,_,O
13,energy,_,energy,_,NN,2,_,_,_,_,_,_,_,O
14,content,_,content,_,NN,2,_,_,_,_,_,_,_,O
15,of,_,of,_,IN,2,_,_,_,_,_,_,_,O
16,systems,_,system,_,NNS,2,_,_,_,_,_,_,_,O
17,in,_,in,_,IN,2,_,_,_,_,_,_,_,O
18,extreme,_,extreme,_,JJ,2,_,_,_,_,_,_,_,O
19,quantum,_,UNK,_,NN,2,_,_,_,_,_,_,_,O
20,regimes,_,regime,_,NNS,2,_,_,_,_,_,_,_,O
21,but,_,but,_,CC,2,_,_,_,_,_,_,_,O
22,also,_,also,_,RB,2,_,_,_,_,_,_,_,O
23,symmetry,_,UNK,_,NN,2,_,_,_,_,_,_,_,O
24,constraints,_,UNK,_,NNS,2,_,_,_,_,_,_,_,O
25,related,_,relate,_,VBN,2,_,_,_,_,_,_,_,O
26,to,_,to,_,TO,2,_,_,_,_,_,to.prep,Goal,O
27,the,_,the,_,DT,2,_,_,_,_,_,_,_,O
28,thermodynamic,_,UNK,_,JJ,2,_,_,_,_,_,_,_,O
29,processing,_,processing,_,NN,2,_,_,_,_,_,_,_,O
30,of,_,of,_,IN,2,_,_,_,_,_,_,_,O
31,quantum,_,UNK,_,JJ,2,_,_,_,_,_,_,_,O
32,coherence,_,UNK,_,NN,2,_,_,_,_,_,_,_,O
33,.,_,.,_,.,2,_,_,_,_,_,_,_,O
1,the,_,The,_,DT,2,_,_,_,_,_,_,_,B-Age
2,first,_,first,_,JJ,2,_,_,_,_,_,_,_,I-Age
3,law,_,law,_,NN,2,_,_,_,_,_,_,_,I-Age
4,of,_,of,_,IN,2,_,_,_,_,_,_,_,I-Age
5,thermodynamics,_,UNK,_,NNS,2,_,_,_,_,_,_,_,I-Age
6,imposes,_,UNK,_,NNS,2,_,_,_,_,_,_,_,I-Age
7,not,_,not,_,RB,2,_,_,_,_,_,_,_,I-Age
8,just,_,just,_,RB,2,_,_,_,_,_,_,_,I-Age
9,a,_,a,_,DT,2,_,_,_,_,_,_,_,I-Age
10,constraint,_,UNK,_,NN,2,_,_,_,_,_,_,_,I-Age
11,on,_,on,_,IN,2,_,_,_,_,_,_,_,I-Age
12,the,_,the,_,DT,2,_,_,_,_,_,_,_,I-Age
13,energy,_,energy,_,NN,2,_,_,_,_,_,_,_,I-Age
14,content,_,content,_,NN,2,_,_,_,_,_,_,_,I-Age
15,of,_,of,_,IN,2,_,_,_,_,_,_,_,I-Age
16,systems,_,system,_,NNS,2,_,_,_,_,_,_,_,I-Age
17,in,_,in,_,IN,2,_,_,_,_,_,_,_,I-Age
18,extreme,_,extreme,_,JJ,2,_,_,_,_,_,_,_,I-Age
19,quantum,_,UNK,_,NN,2,_,_,_,_,_,_,_,I-Age
20,regimes,_,regime,_,NNS,2,_,_,_,_,_,_,_,I-Age
21,but,_,but,_,CC,2,_,_,_,_,_,_,_,B-Degree
22,also,_,also,_,RB,2,_,_,_,_,_,_,_,I-Degree
23,symmetry,_,UNK,_,NN,2,_,_,_,_,_,_,_,I-Degree
24,constraints,_,UNK,_,NNS,2,_,_,_,_,_,_,_,I-Degree
25,related,_,relate,_,VBN,2,_,_,_,_,_,_,_,I-Degree
26,to,_,to,_,TO,2,_,_,_,_,_,_,_,I-Degree
27,the,_,the,_,DT,2,_,_,_,_,_,_,_,I-Degree
28,thermodynamic,_,UNK,_,JJ,2,_,_,_,_,_,_,_,I-Degree
29,processing,_,processing,_,NN,2,_,_,_,_,_,_,_,I-Degree
30,of,_,of,_,IN,2,_,_,_,_,_,of.prep,Age,I-Degree
31,quantum,_,UNK,_,JJ,2,_,_,_,_,_,_,_,I-Degree
32,coherence,_,UNK,_,NN,2,_,_,_,_,_,_,_,I-Degree
33,.,_,.,_,.,2,_,_,_,_,_,_,_,I-Degree
1,weyl,_,UNK,_,NNP,2,_,_,_,_,_,_,_,O
2,unk,_,UNK,_,NN,2,_,_,_,_,_,_,_,O
3,is,_,be,_,VBZ,2,_,_,_,_,_,_,_,O
4,the,_,the,_,DT,2,_,_,_,_,_,_,_,O
5,three-dimensional,_,UNK,_,JJ,2,_,_,_,_,_,_,_,O
6,analog,_,UNK,_,NN,2,_,_,_,_,_,_,_,B-Degree
7,of,_,of,_,IN,2,_,_,_,_,_,of.prep,Age,I-Degree
8,graphene,_,UNK,_,NN,2,_,_,_,_,_,_,_,I-Degree
9,.,_,.,_,.,2,_,_,_,_,_,_,_,I-Degree
1,solutions,_,UNK,_,NNS,1,_,_,_,_,_,_,_,B-Support
2,of,_,of,_,IN,1,_,_,_,_,_,_,_,I-Support
3,the,_,the,_,DT,1,_,_,_,_,_,_,_,I-Support
4,two-dimensional,_,UNK,_,JJ,1,_,_,_,_,_,_,_,I-Support
5,hubbard,_,UNK,_,NNP,1,_,_,_,_,_,_,_,I-Support
6,model,_,UNK,_,NNP,1,_,_,_,_,_,_,_,I-Support
7,:,_,:,_,:,1,_,_,_,_,_,_,_,I-Support
8,benchmarks,_,UNK,_,NNS,1,_,_,_,_,_,_,_,I-Support
9,and,_,and,_,CC,1,_,_,_,_,_,_,_,I-Support
10,results,_,UNK,_,NNS,1,_,_,_,_,_,_,_,I-Support
11,from,_,from,_,IN,1,_,_,_,_,_,from.prep,Evidence,S-Degree
12,a,_,a,_,DT,1,_,_,_,_,_,_,_,S-Proposition
13,wide,_,UNK,_,NNP,1,_,_,_,_,_,_,_,B-Domain_of_relevance
14,range,_,UNK,_,NNP,1,_,_,_,_,_,_,_,I-Domain_of_relevance
15,of,_,of,_,IN,1,_,_,_,_,_,_,_,I-Domain_of_relevance
16,numerical,_,UNK,_,NNP,1,_,_,_,_,_,_,_,I-Domain_of_relevance
17,algorithms,_,UNK,_,NNP,1,_,_,_,_,_,_,_,I-Domain_of_relevance
18,.,_,.,_,.,1,_,_,_,_,_,_,_,I-Domain_of_relevance
1,solutions,_,UNK,_,NNS,1,_,_,_,_,_,_,_,B-Age
2,of,_,of,_,IN,1,_,_,_,_,_,_,_,I-Age
3,the,_,the,_,DT,1,_,_,_,_,_,_,_,I-Age
4,two-dimensional,_,UNK,_,JJ,1,_,_,_,_,_,_,_,I-Age
5,hubbard,_,UNK,_,NNP,1,_,_,_,_,_,_,_,I-Age
6,model,_,UNK,_,NNP,1,_,_,_,_,_,_,_,I-Age
7,:,_,:,_,:,1,_,_,_,_,_,_,_,I-Age
8,benchmarks,_,UNK,_,NNS,1,_,_,_,_,_,_,_,I-Age
9,and,_,and,_,CC,1,_,_,_,_,_,_,_,I-Age
10,results,_,UNK,_,NNS,1,_,_,_,_,_,_,_,I-Age
11,from,_,from,_,IN,1,_,_,_,_,_,_,_,I-Age
12,a,_,a,_,DT,1,_,_,_,_,_,_,_,I-Age
13,wide,_,UNK,_,NNP,1,_,_,_,_,_,_,_,I-Age
14,range,_,UNK,_,NNP,1,_,_,_,_,_,_,_,I-Age
15,of,_,of,_,IN,1,_,_,_,_,_,of.prep,Age,S-Degree
16,numerical,_,UNK,_,NNP,1,_,_,_,_,_,_,_,B-Age
17,algorithms,_,UNK,_,NNP,1,_,_,_,_,_,_,_,I-Age
18,.,_,.,_,.,1,_,_,_,_,_,_,_,I-Age
1,topological,_,UNK,_,JJ,2,_,_,_,_,_,_,_,B-Age
2,states,_,state,_,NNS,2,_,_,_,_,_,_,_,I-Age
3,of,_,of,_,IN,2,_,_,_,_,_,of.prep,Age,S-Degree
4,matter,_,matter,_,NN,2,_,_,_,_,_,_,_,B-Age
5,are,_,be,_,VBP,2,_,_,_,_,_,_,_,I-Age
6,particularly,_,particularly,_,RB,2,_,_,_,_,_,_,_,I-Age
7,robust,_,robust,_,JJ,2,_,_,_,_,_,_,_,I-Age
8,",",_,",",_,",",2,_,_,_,_,_,_,_,I-Age
9,since,_,since,_,IN,2,_,_,_,_,_,_,_,I-Age
10,they,_,they,_,PRP,2,_,_,_,_,_,_,_,I-Age
11,exploit,_,exploit,_,VBP,2,_,_,_,_,_,_,_,I-Age
12,global,_,global,_,JJ,2,_,_,_,_,_,_,_,I-Age
13,features,_,feature,_,NNS,2,_,_,_,_,_,_,_,I-Age
14,of,_,of,_,IN,2,_,_,_,_,_,_,_,I-Age
15,a,_,a,_,DT,2,_,_,_,_,_,_,_,I-Age
16,material,_,material,_,NN,2,_,_,_,_,_,_,_,I-Age
17,'s,_,'s,_,POS,2,_,_,_,_,_,_,_,I-Age
18,band,_,band,_,NN,2,_,_,_,_,_,_,_,I-Age
19,structure,_,structure,_,NN,2,_,_,_,_,_,_,_,I-Age
20,.,_,.,_,.,2,_,_,_,_,_,_,_,I-Age
1,topological,_,UNK,_,JJ,2,_,_,_,_,_,_,_,B-Time
2,states,_,state,_,NNS,2,_,_,_,_,_,_,_,I-Time
3,of,_,of,_,IN,2,_,_,_,_,_,_,_,I-Time
4,matter,_,matter,_,NN,2,_,_,_,_,_,_,_,I-Time
5,are,_,be,_,VBP,2,_,_,_,_,_,_,_,I-Time
6,particularly,_,particularly,_,RB,2,_,_,_,_,_,_,_,I-Time
7,robust,_,robust,_,JJ,2,_,_,_,_,_,robust.a,Level_of_force_resistance,B-Degree
8,",",_,",",_,",",2,_,_,_,_,_,_,_,I-Degree
9,since,_,since,_,IN,2,_,_,_,_,_,_,_,I-Degree
10,they,_,they,_,PRP,2,_,_,_,_,_,_,_,I-Degree
11,exploit,_,exploit,_,VBP,2,_,_,_,_,_,_,_,I-Degree
12,global,_,global,_,JJ,2,_,_,_,_,_,_,_,I-Degree
13,features,_,feature,_,NNS,2,_,_,_,_,_,_,_,I-Degree
14,of,_,of,_,IN,2,_,_,_,_,_,_,_,I-Degree
15,a,_,a,_,DT,2,_,_,_,_,_,_,_,I-Degree
16,material,_,material,_,NN,2,_,_,_,_,_,_,_,I-Degree
17,'s,_,'s,_,POS,2,_,_,_,_,_,_,_,I-Degree
18,band,_,band,_,NN,2,_,_,_,_,_,_,_,I-Degree
19,structure,_,structure,_,NN,2,_,_,_,_,_,_,_,I-Degree
20,.,_,.,_,.,2,_,_,_,_,_,_,_,I-Degree
1,topological,_,UNK,_,JJ,2,_,_,_,_,_,_,_,O
2,states,_,state,_,NNS,2,_,_,_,_,_,_,_,O
3,of,_,of,_,IN,2,_,_,_,_,_,_,_,O
4,matter,_,matter,_,NN,2,_,_,_,_,_,_,_,O
5,are,_,be,_,VBP,2,_,_,_,_,_,_,_,O
6,particularly,_,particularly,_,RB,2,_,_,_,_,_,_,_,O
7,robust,_,robust,_,JJ,2,_,_,_,_,_,_,_,O
8,",",_,",",_,",",2,_,_,_,_,_,_,_,O
9,since,_,since,_,IN,2,_,_,_,_,_,since.prep,Time_vector,O
10,they,_,they,_,PRP,2,_,_,_,_,_,_,_,O
11,exploit,_,exploit,_,VBP,2,_,_,_,_,_,_,_,O
12,global,_,global,_,JJ,2,_,_,_,_,_,_,_,O
13,features,_,feature,_,NNS,2,_,_,_,_,_,_,_,O
14,of,_,of,_,IN,2,_,_,_,_,_,_,_,O
15,a,_,a,_,DT,2,_,_,_,_,_,_,_,O
16,material,_,material,_,NN,2,_,_,_,_,_,_,_,O
17,'s,_,'s,_,POS,2,_,_,_,_,_,_,_,O
18,band,_,band,_,NN,2,_,_,_,_,_,_,_,O
19,structure,_,structure,_,NN,2,_,_,_,_,_,_,_,O
20,.,_,.,_,.,2,_,_,_,_,_,_,_,O
1,topological,_,UNK,_,JJ,2,_,_,_,_,_,_,_,B-Constituent_parts
2,states,_,state,_,NNS,2,_,_,_,_,_,_,_,I-Constituent_parts
3,of,_,of,_,IN,2,_,_,_,_,_,_,_,I-Constituent_parts
4,matter,_,matter,_,NN,2,_,_,_,_,_,_,_,I-Constituent_parts
5,are,_,be,_,VBP,2,_,_,_,_,_,_,_,I-Constituent_parts
6,particularly,_,particularly,_,RB,2,_,_,_,_,_,_,_,I-Constituent_parts
7,robust,_,robust,_,JJ,2,_,_,_,_,_,_,_,I-Constituent_parts
8,",",_,",",_,",",2,_,_,_,_,_,_,_,I-Constituent_parts
9,since,_,since,_,IN,2,_,_,_,_,_,_,_,I-Constituent_parts
10,they,_,they,_,PRP,2,_,_,_,_,_,_,_,I-Constituent_parts
11,exploit,_,exploit,_,VBP,2,_,_,_,_,_,_,_,I-Constituent_parts
12,global,_,global,_,JJ,2,_,_,_,_,_,global.a,Political_locales,O
13,features,_,feature,_,NNS,2,_,_,_,_,_,_,_,O
14,of,_,of,_,IN,2,_,_,_,_,_,_,_,O
15,a,_,a,_,DT,2,_,_,_,_,_,_,_,O
16,material,_,material,_,NN,2,_,_,_,_,_,_,_,O
17,'s,_,'s,_,POS,2,_,_,_,_,_,_,_,O
18,band,_,band,_,NN,2,_,_,_,_,_,_,_,O
19,structure,_,structure,_,NN,2,_,_,_,_,_,_,_,O
20,.,_,.,_,.,2,_,_,_,_,_,_,_,O
1,topological,_,UNK,_,JJ,2,_,_,_,_,_,_,_,B-Performance
2,states,_,state,_,NNS,2,_,_,_,_,_,_,_,I-Performance
3,of,_,of,_,IN,2,_,_,_,_,_,_,_,I-Performance
4,matter,_,matter,_,NN,2,_,_,_,_,_,_,_,I-Performance
5,are,_,be,_,VBP,2,_,_,_,_,_,_,_,I-Performance
6,particularly,_,particularly,_,RB,2,_,_,_,_,_,_,_,I-Performance
7,robust,_,robust,_,JJ,2,_,_,_,_,_,_,_,I-Performance
8,",",_,",",_,",",2,_,_,_,_,_,_,_,I-Performance
9,since,_,since,_,IN,2,_,_,_,_,_,_,_,I-Performance
10,they,_,they,_,PRP,2,_,_,_,_,_,_,_,I-Performance
11,exploit,_,exploit,_,VBP,2,_,_,_,_,_,_,_,I-Performance
12,global,_,global,_,JJ,2,_,_,_,_,_,_,_,I-Performance
13,features,_,feature,_,NNS,2,_,_,_,_,_,feature.v,Performers_and_roles,O
14,of,_,of,_,IN,2,_,_,_,_,_,_,_,B-Performance
15,a,_,a,_,DT,2,_,_,_,_,_,_,_,I-Performance
16,material,_,material,_,NN,2,_,_,_,_,_,_,_,I-Performance
17,'s,_,'s,_,POS,2,_,_,_,_,_,_,_,I-Performance
18,band,_,band,_,NN,2,_,_,_,_,_,_,_,I-Performance
19,structure,_,structure,_,NN,2,_,_,_,_,_,_,_,I-Performance
20,.,_,.,_,.,2,_,_,_,_,_,_,_,I-Performance
1,topological,_,UNK,_,JJ,2,_,_,_,_,_,_,_,B-Age
2,states,_,state,_,NNS,2,_,_,_,_,_,_,_,I-Age
3,of,_,of,_,IN,2,_,_,_,_,_,_,_,I-Age
4,matter,_,matter,_,NN,2,_,_,_,_,_,_,_,I-Age
5,are,_,be,_,VBP,2,_,_,_,_,_,_,_,I-Age
6,particularly,_,particularly,_,RB,2,_,_,_,_,_,_,_,I-Age
7,robust,_,robust,_,JJ,2,_,_,_,_,_,_,_,I-Age
8,",",_,",",_,",",2,_,_,_,_,_,_,_,I-Age
9,since,_,since,_,IN,2,_,_,_,_,_,_,_,I-Age
10,they,_,they,_,PRP,2,_,_,_,_,_,_,_,I-Age
11,exploit,_,exploit,_,VBP,2,_,_,_,_,_,_,_,I-Age
12,global,_,global,_,JJ,2,_,_,_,_,_,_,_,I-Age
13,features,_,feature,_,NNS,2,_,_,_,_,_,_,_,I-Age
14,of,_,of,_,IN,2,_,_,_,_,_,of.prep,Age,S-Degree
15,a,_,a,_,DT,2,_,_,_,_,_,_,_,B-Age
16,material,_,material,_,NN,2,_,_,_,_,_,_,_,I-Age
17,'s,_,'s,_,POS,2,_,_,_,_,_,_,_,I-Age
18,band,_,band,_,NN,2,_,_,_,_,_,_,_,I-Age
19,structure,_,structure,_,NN,2,_,_,_,_,_,_,_,I-Age
20,.,_,.,_,.,2,_,_,_,_,_,_,_,I-Age
1,weyl,_,UNK,_,JJ,2,_,_,_,_,_,_,_,B-Individuals
2,unk,_,UNK,_,NNS,2,_,_,_,_,_,_,_,I-Individuals
3,are,_,be,_,VBP,2,_,_,_,_,_,_,_,I-Individuals
4,a,_,a,_,DT,2,_,_,_,_,_,_,_,I-Individuals
5,class,_,class,_,NN,2,_,_,_,_,_,class.n,Aggregate,I-Individuals
6,of,_,of,_,IN,2,_,_,_,_,_,_,_,I-Individuals
7,materials,_,material,_,NNS,2,_,_,_,_,_,_,_,I-Individuals
8,that,_,that,_,WDT,2,_,_,_,_,_,_,_,I-Individuals
9,can,_,can,_,MD,2,_,_,_,_,_,_,_,I-Individuals
10,be,_,be,_,VB,2,_,_,_,_,_,_,_,I-Individuals
11,regarded,_,regard,_,VBN,2,_,_,_,_,_,_,_,I-Individuals
12,as,_,a,_,IN,2,_,_,_,_,_,_,_,I-Individuals
13,three-dimensional,_,UNK,_,JJ,2,_,_,_,_,_,_,_,I-Individuals
14,analogs,_,UNK,_,NNS,2,_,_,_,_,_,_,_,I-Individuals
15,of,_,of,_,IN,2,_,_,_,_,_,_,_,I-Individuals
16,graphene,_,UNK,_,NN,2,_,_,_,_,_,_,_,I-Individuals
17,upon,_,upon,_,IN,2,_,_,_,_,_,_,_,I-Individuals
18,breaking,_,break,_,VBG,2,_,_,_,_,_,_,_,I-Individuals
19,unk,_,UNK,_,NN,2,_,_,_,_,_,_,_,I-Individuals
20,or,_,or,_,CC,2,_,_,_,_,_,_,_,I-Individuals
21,inversion,_,UNK,_,NN,2,_,_,_,_,_,_,_,I-Individuals
22,symmetry,_,UNK,_,NN,2,_,_,_,_,_,_,_,I-Individuals
23,.,_,.,_,.,2,_,_,_,_,_,_,_,I-Individuals
1,weyl,_,UNK,_,JJ,2,_,_,_,_,_,_,_,O
2,unk,_,UNK,_,NNS,2,_,_,_,_,_,_,_,O
3,are,_,be,_,VBP,2,_,_,_,_,_,_,_,O
4,a,_,a,_,DT,2,_,_,_,_,_,_,_,O
5,class,_,class,_,NN,2,_,_,_,_,_,_,_,O
6,of,_,of,_,IN,2,_,_,_,_,_,of.prep,Age,S-Degree
7,materials,_,material,_,NNS,2,_,_,_,_,_,_,_,B-Age
8,that,_,that,_,WDT,2,_,_,_,_,_,_,_,I-Age
9,can,_,can,_,MD,2,_,_,_,_,_,_,_,I-Age
10,be,_,be,_,VB,2,_,_,_,_,_,_,_,I-Age
11,regarded,_,regard,_,VBN,2,_,_,_,_,_,_,_,I-Age
12,as,_,a,_,IN,2,_,_,_,_,_,_,_,I-Age
13,three-dimensional,_,UNK,_,JJ,2,_,_,_,_,_,_,_,I-Age
14,analogs,_,UNK,_,NNS,2,_,_,_,_,_,_,_,I-Age
15,of,_,of,_,IN,2,_,_,_,_,_,_,_,I-Age
16,graphene,_,UNK,_,NN,2,_,_,_,_,_,_,_,I-Age
17,upon,_,upon,_,IN,2,_,_,_,_,_,_,_,I-Age
18,breaking,_,break,_,VBG,2,_,_,_,_,_,_,_,I-Age
19,unk,_,UNK,_,NN,2,_,_,_,_,_,_,_,I-Age
20,or,_,or,_,CC,2,_,_,_,_,_,_,_,I-Age
21,inversion,_,UNK,_,NN,2,_,_,_,_,_,_,_,I-Age
22,symmetry,_,UNK,_,NN,2,_,_,_,_,_,_,_,I-Age
23,.,_,.,_,.,2,_,_,_,_,_,_,_,I-Age
1,weyl,_,UNK,_,JJ,2,_,_,_,_,_,_,_,O
2,unk,_,UNK,_,NNS,2,_,_,_,_,_,_,_,O
3,are,_,be,_,VBP,2,_,_,_,_,_,_,_,O
4,a,_,a,_,DT,2,_,_,_,_,_,_,_,O
5,class,_,class,_,NN,2,_,_,_,_,_,_,_,O
6,of,_,of,_,IN,2,_,_,_,_,_,_,_,O
7,materials,_,material,_,NNS,2,_,_,_,_,_,_,_,O
8,that,_,that,_,WDT,2,_,_,_,_,_,that.adv,Degree,O
9,can,_,can,_,MD,2,_,_,_,_,_,_,_,O
10,be,_,be,_,VB,2,_,_,_,_,_,_,_,O
11,regarded,_,regard,_,VBN,2,_,_,_,_,_,_,_,O
12,as,_,a,_,IN,2,_,_,_,_,_,_,_,O
13,three-dimensional,_,UNK,_,JJ,2,_,_,_,_,_,_,_,O
14,analogs,_,UNK,_,NNS,2,_,_,_,_,_,_,_,O
15,of,_,of,_,IN,2,_,_,_,_,_,_,_,O
16,graphene,_,UNK,_,NN,2,_,_,_,_,_,_,_,O
17,upon,_,upon,_,IN,2,_,_,_,_,_,_,_,O
18,breaking,_,break,_,VBG,2,_,_,_,_,_,_,_,O
19,unk,_,UNK,_,NN,2,_,_,_,_,_,_,_,O
20,or,_,or,_,CC,2,_,_,_,_,_,_,_,O
21,inversion,_,UNK,_,NN,2,_,_,_,_,_,_,_,O
22,symmetry,_,UNK,_,NN,2,_,_,_,_,_,_,_,O
23,.,_,.,_,.,2,_,_,_,_,_,_,_,O
1,weyl,_,UNK,_,JJ,2,_,_,_,_,_,_,_,B-Unit
2,unk,_,UNK,_,NNS,2,_,_,_,_,_,_,_,I-Unit
3,are,_,be,_,VBP,2,_,_,_,_,_,_,_,I-Unit
4,a,_,a,_,DT,2,_,_,_,_,_,_,_,I-Unit
5,class,_,class,_,NN,2,_,_,_,_,_,_,_,I-Unit
6,of,_,of,_,IN,2,_,_,_,_,_,_,_,I-Unit
7,materials,_,material,_,NNS,2,_,_,_,_,_,_,_,I-Unit
8,that,_,that,_,WDT,2,_,_,_,_,_,_,_,S-Size
9,can,_,can,_,MD,2,_,_,_,_,_,can.v,Measure_volume,O
10,be,_,be,_,VB,2,_,_,_,_,_,_,_,B-Unit
11,regarded,_,regard,_,VBN,2,_,_,_,_,_,_,_,I-Unit
12,as,_,a,_,IN,2,_,_,_,_,_,_,_,I-Unit
13,three-dimensional,_,UNK,_,JJ,2,_,_,_,_,_,_,_,I-Unit
14,analogs,_,UNK,_,NNS,2,_,_,_,_,_,_,_,I-Unit
15,of,_,of,_,IN,2,_,_,_,_,_,_,_,I-Unit
16,graphene,_,UNK,_,NN,2,_,_,_,_,_,_,_,I-Unit
17,upon,_,upon,_,IN,2,_,_,_,_,_,_,_,I-Unit
18,breaking,_,break,_,VBG,2,_,_,_,_,_,_,_,I-Unit
19,unk,_,UNK,_,NN,2,_,_,_,_,_,_,_,I-Unit
20,or,_,or,_,CC,2,_,_,_,_,_,_,_,I-Unit
21,inversion,_,UNK,_,NN,2,_,_,_,_,_,_,_,I-Unit
22,symmetry,_,UNK,_,NN,2,_,_,_,_,_,_,_,I-Unit
23,.,_,.,_,.,2,_,_,_,_,_,_,_,I-Unit
1,weyl,_,UNK,_,JJ,2,_,_,_,_,_,_,_,B-Topic
2,unk,_,UNK,_,NNS,2,_,_,_,_,_,_,_,I-Topic
3,are,_,be,_,VBP,2,_,_,_,_,_,_,_,I-Topic
4,a,_,a,_,DT,2,_,_,_,_,_,_,_,I-Topic
5,class,_,class,_,NN,2,_,_,_,_,_,_,_,I-Topic
6,of,_,of,_,IN,2,_,_,_,_,_,_,_,I-Topic
7,materials,_,material,_,NNS,2,_,_,_,_,_,_,_,I-Topic
8,that,_,that,_,WDT,2,_,_,_,_,_,_,_,I-Topic
9,can,_,can,_,MD,2,_,_,_,_,_,_,_,I-Topic
10,be,_,be,_,VB,2,_,_,_,_,_,_,_,I-Topic
11,regarded,_,regard,_,VBN,2,_,_,_,_,_,regard.v,Topic,S-Degree
12,as,_,a,_,IN,2,_,_,_,_,_,_,_,B-Text
13,three-dimensional,_,UNK,_,JJ,2,_,_,_,_,_,_,_,I-Text
14,analogs,_,UNK,_,NNS,2,_,_,_,_,_,_,_,I-Text
15,of,_,of,_,IN,2,_,_,_,_,_,_,_,I-Text
16,graphene,_,UNK,_,NN,2,_,_,_,_,_,_,_,I-Text
17,upon,_,upon,_,IN,2,_,_,_,_,_,_,_,I-Text
18,breaking,_,break,_,VBG,2,_,_,_,_,_,_,_,I-Text
19,unk,_,UNK,_,NN,2,_,_,_,_,_,_,_,I-Text
20,or,_,or,_,CC,2,_,_,_,_,_,_,_,I-Text
21,inversion,_,UNK,_,NN,2,_,_,_,_,_,_,_,I-Text
22,symmetry,_,UNK,_,NN,2,_,_,_,_,_,_,_,I-Text
23,.,_,.,_,.,2,_,_,_,_,_,_,_,I-Text
1,weyl,_,UNK,_,JJ,2,_,_,_,_,_,_,_,B-Age
2,unk,_,UNK,_,NNS,2,_,_,_,_,_,_,_,I-Age
3,are,_,be,_,VBP,2,_,_,_,_,_,_,_,I-Age
4,a,_,a,_,DT,2,_,_,_,_,_,_,_,I-Age
5,class,_,class,_,NN,2,_,_,_,_,_,_,_,I-Age
6,of,_,of,_,IN,2,_,_,_,_,_,_,_,I-Age
7,materials,_,material,_,NNS,2,_,_,_,_,_,_,_,I-Age
8,that,_,that,_,WDT,2,_,_,_,_,_,_,_,I-Age
9,can,_,can,_,MD,2,_,_,_,_,_,_,_,I-Age
10,be,_,be,_,VB,2,_,_,_,_,_,_,_,I-Age
11,regarded,_,regard,_,VBN,2,_,_,_,_,_,_,_,I-Age
12,as,_,a,_,IN,2,_,_,_,_,_,_,_,I-Age
13,three-dimensional,_,UNK,_,JJ,2,_,_,_,_,_,_,_,I-Age
14,analogs,_,UNK,_,NNS,2,_,_,_,_,_,_,_,I-Age
15,of,_,of,_,IN,2,_,_,_,_,_,of.prep,Age,S-Degree
16,graphene,_,UNK,_,NN,2,_,_,_,_,_,_,_,B-Age
17,upon,_,upon,_,IN,2,_,_,_,_,_,_,_,I-Age
18,breaking,_,break,_,VBG,2,_,_,_,_,_,_,_,I-Age
19,unk,_,UNK,_,NN,2,_,_,_,_,_,_,_,I-Age
20,or,_,or,_,CC,2,_,_,_,_,_,_,_,B-Degree
21,inversion,_,UNK,_,NN,2,_,_,_,_,_,_,_,I-Degree
22,symmetry,_,UNK,_,NN,2,_,_,_,_,_,_,_,I-Degree
23,.,_,.,_,.,2,_,_,_,_,_,_,_,I-Degree
1,weyl,_,UNK,_,JJ,2,_,_,_,_,_,_,_,B-Degree
2,unk,_,UNK,_,NNS,2,_,_,_,_,_,_,_,I-Degree
3,are,_,be,_,VBP,2,_,_,_,_,_,_,_,I-Degree
4,a,_,a,_,DT,2,_,_,_,_,_,_,_,I-Degree
5,class,_,class,_,NN,2,_,_,_,_,_,_,_,I-Degree
6,of,_,of,_,IN,2,_,_,_,_,_,_,_,I-Degree
7,materials,_,material,_,NNS,2,_,_,_,_,_,_,_,I-Degree
8,that,_,that,_,WDT,2,_,_,_,_,_,_,_,I-Degree
9,can,_,can,_,MD,2,_,_,_,_,_,_,_,I-Degree
10,be,_,be,_,VB,2,_,_,_,_,_,_,_,I-Degree
11,regarded,_,regard,_,VBN,2,_,_,_,_,_,_,_,I-Degree
12,as,_,a,_,IN,2,_,_,_,_,_,_,_,I-Degree
13,three-dimensional,_,UNK,_,JJ,2,_,_,_,_,_,_,_,I-Degree
14,analogs,_,UNK,_,NNS,2,_,_,_,_,_,_,_,I-Degree
15,of,_,of,_,IN,2,_,_,_,_,_,_,_,I-Degree
16,graphene,_,UNK,_,NN,2,_,_,_,_,_,_,_,I-Degree
17,upon,_,upon,_,IN,2,_,_,_,_,_,_,_,I-Degree
18,breaking,_,break,_,VBG,2,_,_,_,_,_,break.v,Cause_harm,I-Degree
19,unk,_,UNK,_,NN,2,_,_,_,_,_,_,_,I-Degree
20,or,_,or,_,CC,2,_,_,_,_,_,_,_,I-Degree
21,inversion,_,UNK,_,NN,2,_,_,_,_,_,_,_,I-Degree
22,symmetry,_,UNK,_,NN,2,_,_,_,_,_,_,_,I-Degree
23,.,_,.,_,.,2,_,_,_,_,_,_,_,I-Degree
1,based,_,Based,_,VBN,2,_,_,_,_,_,_,_,O
2,on,_,on,_,IN,2,_,_,_,_,_,_,_,O
3,unk,_,UNK,_,JJ,2,_,_,_,_,_,_,_,O
4,calculations,_,calculation,_,NNS,2,_,_,_,_,_,_,_,O
5,",",_,",",_,",",2,_,_,_,_,_,_,_,O
6,we,_,we,_,PRP,2,_,_,_,_,_,_,_,O
7,show,_,show,_,VBP,2,_,_,_,_,_,_,_,O
8,that,_,that,_,IN,2,_,_,_,_,_,that.adv,Degree,O
9,a,_,a,_,DT,2,_,_,_,_,_,_,_,O
10,family,_,family,_,NN,2,_,_,_,_,_,_,_,O
11,of,_,of,_,IN,2,_,_,_,_,_,_,_,O
12,nonmagnetic,_,UNK,_,JJ,2,_,_,_,_,_,_,_,O
13,materials,_,material,_,NNS,2,_,_,_,_,_,_,_,O
14,including,_,include,_,VBG,2,_,_,_,_,_,_,_,O
15,taas,_,UNK,_,NNP,2,_,_,_,_,_,_,_,O
16,",",_,",",_,",",2,_,_,_,_,_,_,_,O
17,tap,_,UNK,_,NNP,2,_,_,_,_,_,_,_,O
18,",",_,",",_,",",2,_,_,_,_,_,_,_,O
19,unk,_,UNK,_,NNP,2,_,_,_,_,_,_,_,O
20,",",_,",",_,",",2,_,_,_,_,_,_,_,O
21,and,_,and,_,CC,2,_,_,_,_,_,_,_,O
22,nbp,_,UNK,_,NNP,2,_,_,_,_,_,_,_,O
23,are,_,be,_,VBP,2,_,_,_,_,_,_,_,O
24,weyl,_,UNK,_,NNP,2,_,_,_,_,_,_,_,O
25,unk,_,UNK,_,NNS,2,_,_,_,_,_,_,_,O
26,(,_,(,_,(,2,_,_,_,_,_,_,_,O
27,wsm,_,UNK,_,NNP,2,_,_,_,_,_,_,_,O
28,),_,),_,),2,_,_,_,_,_,_,_,O
29,without,_,without,_,IN,2,_,_,_,_,_,_,_,O
30,inversion,_,UNK,_,NN,2,_,_,_,_,_,_,_,O
31,centers,_,center,_,NNS,2,_,_,_,_,_,_,_,O
32,.,_,.,_,.,2,_,_,_,_,_,_,_,O
1,based,_,Based,_,VBN,2,_,_,_,_,_,_,_,B-Aggregate_property
2,on,_,on,_,IN,2,_,_,_,_,_,_,_,I-Aggregate_property
3,unk,_,UNK,_,JJ,2,_,_,_,_,_,_,_,I-Aggregate_property
4,calculations,_,calculation,_,NNS,2,_,_,_,_,_,_,_,I-Aggregate_property
5,",",_,",",_,",",2,_,_,_,_,_,_,_,I-Aggregate_property
6,we,_,we,_,PRP,2,_,_,_,_,_,_,_,I-Aggregate_property
7,show,_,show,_,VBP,2,_,_,_,_,_,_,_,I-Aggregate_property
8,that,_,that,_,IN,2,_,_,_,_,_,_,_,I-Aggregate_property
9,a,_,a,_,DT,2,_,_,_,_,_,_,_,I-Aggregate_property
10,family,_,family,_,NN,2,_,_,_,_,_,family.n,Aggregate,O
11,of,_,of,_,IN,2,_,_,_,_,_,_,_,O
12,nonmagnetic,_,UNK,_,JJ,2,_,_,_,_,_,_,_,O
13,materials,_,material,_,NNS,2,_,_,_,_,_,_,_,O
14,including,_,include,_,VBG,2,_,_,_,_,_,_,_,O
15,taas,_,UNK,_,NNP,2,_,_,_,_,_,_,_,O
16,",",_,",",_,",",2,_,_,_,_,_,_,_,O
17,tap,_,UNK,_,NNP,2,_,_,_,_,_,_,_,O
18,",",_,",",_,",",2,_,_,_,_,_,_,_,O
19,unk,_,UNK,_,NNP,2,_,_,_,_,_,_,_,O
20,",",_,",",_,",",2,_,_,_,_,_,_,_,O
21,and,_,and,_,CC,2,_,_,_,_,_,_,_,O
22,nbp,_,UNK,_,NNP,2,_,_,_,_,_,_,_,O
23,are,_,be,_,VBP,2,_,_,_,_,_,_,_,O
24,weyl,_,UNK,_,NNP,2,_,_,_,_,_,_,_,O
25,unk,_,UNK,_,NNS,2,_,_,_,_,_,_,_,O
26,(,_,(,_,(,2,_,_,_,_,_,_,_,O
27,wsm,_,UNK,_,NNP,2,_,_,_,_,_,_,_,O
28,),_,),_,),2,_,_,_,_,_,_,_,O
29,without,_,without,_,IN,2,_,_,_,_,_,_,_,O
30,inversion,_,UNK,_,NN,2,_,_,_,_,_,_,_,O
31,centers,_,center,_,NNS,2,_,_,_,_,_,_,_,O
32,.,_,.,_,.,2,_,_,_,_,_,_,_,O
1,based,_,Based,_,VBN,2,_,_,_,_,_,_,_,B-Age
2,on,_,on,_,IN,2,_,_,_,_,_,_,_,I-Age
3,unk,_,UNK,_,JJ,2,_,_,_,_,_,_,_,I-Age
4,calculations,_,calculation,_,NNS,2,_,_,_,_,_,_,_,I-Age
5,",",_,",",_,",",2,_,_,_,_,_,_,_,I-Age
6,we,_,we,_,PRP,2,_,_,_,_,_,_,_,I-Age
7,show,_,show,_,VBP,2,_,_,_,_,_,_,_,I-Age
8,that,_,that,_,IN,2,_,_,_,_,_,_,_,I-Age
9,a,_,a,_,DT,2,_,_,_,_,_,_,_,I-Age
10,family,_,family,_,NN,2,_,_,_,_,_,_,_,I-Age
11,of,_,of,_,IN,2,_,_,_,_,_,of.prep,Age,S-Degree
12,nonmagnetic,_,UNK,_,JJ,2,_,_,_,_,_,_,_,B-Age
13,materials,_,material,_,NNS,2,_,_,_,_,_,_,_,I-Age
14,including,_,include,_,VBG,2,_,_,_,_,_,_,_,I-Age
15,taas,_,UNK,_,NNP,2,_,_,_,_,_,_,_,I-Age
16,",",_,",",_,",",2,_,_,_,_,_,_,_,I-Age
17,tap,_,UNK,_,NNP,2,_,_,_,_,_,_,_,I-Age
18,",",_,",",_,",",2,_,_,_,_,_,_,_,I-Age
19,unk,_,UNK,_,NNP,2,_,_,_,_,_,_,_,I-Age
20,",",_,",",_,",",2,_,_,_,_,_,_,_,I-Age
21,and,_,and,_,CC,2,_,_,_,_,_,_,_,I-Age
22,nbp,_,UNK,_,NNP,2,_,_,_,_,_,_,_,I-Age
23,are,_,be,_,VBP,2,_,_,_,_,_,_,_,I-Age
24,weyl,_,UNK,_,NNP,2,_,_,_,_,_,_,_,I-Age
25,unk,_,UNK,_,NNS,2,_,_,_,_,_,_,_,I-Age
26,(,_,(,_,(,2,_,_,_,_,_,_,_,I-Age
27,wsm,_,UNK,_,NNP,2,_,_,_,_,_,_,_,I-Age
28,),_,),_,),2,_,_,_,_,_,_,_,I-Age
29,without,_,without,_,IN,2,_,_,_,_,_,_,_,I-Age
30,inversion,_,UNK,_,NN,2,_,_,_,_,_,_,_,I-Age
31,centers,_,center,_,NNS,2,_,_,_,_,_,_,_,I-Age
32,.,_,.,_,.,2,_,_,_,_,_,_,_,I-Age
1,based,_,Based,_,VBN,2,_,_,_,_,_,_,_,O
2,on,_,on,_,IN,2,_,_,_,_,_,_,_,O
3,unk,_,UNK,_,JJ,2,_,_,_,_,_,_,_,O
4,calculations,_,calculation,_,NNS,2,_,_,_,_,_,_,_,O
5,",",_,",",_,",",2,_,_,_,_,_,_,_,O
6,we,_,we,_,PRP,2,_,_,_,_,_,_,_,O
7,show,_,show,_,VBP,2,_,_,_,_,_,_,_,O
8,that,_,that,_,IN,2,_,_,_,_,_,_,_,O
9,a,_,a,_,DT,2,_,_,_,_,_,_,_,O
10,family,_,family,_,NN,2,_,_,_,_,_,_,_,O
11,of,_,of,_,IN,2,_,_,_,_,_,_,_,O
12,nonmagnetic,_,UNK,_,JJ,2,_,_,_,_,_,_,_,O
13,materials,_,material,_,NNS,2,_,_,_,_,_,_,_,O
14,including,_,include,_,VBG,2,_,_,_,_,_,_,_,O
15,taas,_,UNK,_,NNP,2,_,_,_,_,_,_,_,O
16,",",_,",",_,",",2,_,_,_,_,_,_,_,O
17,tap,_,UNK,_,NNP,2,_,_,_,_,_,_,_,O
18,",",_,",",_,",",2,_,_,_,_,_,_,_,O
19,unk,_,UNK,_,NNP,2,_,_,_,_,_,_,_,O
20,",",_,",",_,",",2,_,_,_,_,_,_,_,O
21,and,_,and,_,CC,2,_,_,_,_,_,_,_,B-Factual_situation
22,nbp,_,UNK,_,NNP,2,_,_,_,_,_,_,_,I-Factual_situation
23,are,_,be,_,VBP,2,_,_,_,_,_,_,_,I-Factual_situation
24,weyl,_,UNK,_,NNP,2,_,_,_,_,_,_,_,I-Factual_situation
25,unk,_,UNK,_,NNS,2,_,_,_,_,_,_,_,I-Factual_situation
26,(,_,(,_,(,2,_,_,_,_,_,_,_,I-Factual_situation
27,wsm,_,UNK,_,NNP,2,_,_,_,_,_,_,_,I-Factual_situation
28,),_,),_,),2,_,_,_,_,_,_,_,I-Factual_situation
29,without,_,without,_,IN,2,_,_,_,_,_,without.prep,Negation,O
30,inversion,_,UNK,_,NN,2,_,_,_,_,_,_,_,O
31,centers,_,center,_,NNS,2,_,_,_,_,_,_,_,O
32,.,_,.,_,.,2,_,_,_,_,_,_,_,O
1,based,_,Based,_,VBN,2,_,_,_,_,_,_,_,B-Part_prop
2,on,_,on,_,IN,2,_,_,_,_,_,_,_,I-Part_prop
3,unk,_,UNK,_,JJ,2,_,_,_,_,_,_,_,I-Part_prop
4,calculations,_,calculation,_,NNS,2,_,_,_,_,_,_,_,I-Part_prop
5,",",_,",",_,",",2,_,_,_,_,_,_,_,I-Part_prop
6,we,_,we,_,PRP,2,_,_,_,_,_,_,_,I-Part_prop
7,show,_,show,_,VBP,2,_,_,_,_,_,_,_,I-Part_prop
8,that,_,that,_,IN,2,_,_,_,_,_,_,_,I-Part_prop
9,a,_,a,_,DT,2,_,_,_,_,_,_,_,I-Part_prop
10,family,_,family,_,NN,2,_,_,_,_,_,_,_,I-Part_prop
11,of,_,of,_,IN,2,_,_,_,_,_,_,_,I-Part_prop
12,nonmagnetic,_,UNK,_,JJ,2,_,_,_,_,_,_,_,I-Part_prop
13,materials,_,material,_,NNS,2,_,_,_,_,_,_,_,I-Part_prop
14,including,_,include,_,VBG,2,_,_,_,_,_,_,_,I-Part_prop
15,taas,_,UNK,_,NNP,2,_,_,_,_,_,_,_,I-Part_prop
16,",",_,",",_,",",2,_,_,_,_,_,_,_,I-Part_prop
17,tap,_,UNK,_,NNP,2,_,_,_,_,_,_,_,I-Part_prop
18,",",_,",",_,",",2,_,_,_,_,_,_,_,I-Part_prop
19,unk,_,UNK,_,NNP,2,_,_,_,_,_,_,_,I-Part_prop
20,",",_,",",_,",",2,_,_,_,_,_,_,_,I-Part_prop
21,and,_,and,_,CC,2,_,_,_,_,_,_,_,I-Part_prop
22,nbp,_,UNK,_,NNP,2,_,_,_,_,_,_,_,I-Part_prop
23,are,_,be,_,VBP,2,_,_,_,_,_,_,_,I-Part_prop
24,weyl,_,UNK,_,NNP,2,_,_,_,_,_,_,_,I-Part_prop
25,unk,_,UNK,_,NNS,2,_,_,_,_,_,_,_,I-Part_prop
26,(,_,(,_,(,2,_,_,_,_,_,_,_,I-Part_prop
27,wsm,_,UNK,_,NNP,2,_,_,_,_,_,_,_,I-Part_prop
28,),_,),_,),2,_,_,_,_,_,_,_,I-Part_prop
29,without,_,without,_,IN,2,_,_,_,_,_,_,_,I-Part_prop
30,inversion,_,UNK,_,NN,2,_,_,_,_,_,_,_,I-Part_prop
31,centers,_,center,_,NNS,2,_,_,_,_,_,center.n,Part_inner_outer,O
32,.,_,.,_,.,2,_,_,_,_,_,_,_,S-Part
1,we,_,We,_,PRP,2,_,_,_,_,_,_,_,O
2,examine,_,examine,_,VBP,2,_,_,_,_,_,_,_,O
3,models,_,model,_,NNS,2,_,_,_,_,_,_,_,O
4,of,_,of,_,IN,2,_,_,_,_,_,_,_,O
5,fermions,_,UNK,_,NNS,2,_,_,_,_,_,_,_,O
6,with,_,with,_,IN,2,_,_,_,_,_,_,_,O
7,unk,_,UNK,_,JJ,2,_,_,_,_,_,_,_,O
8,interactions,_,UNK,_,NNS,2,_,_,_,_,_,_,_,O
9,that,_,that,_,WDT,2,_,_,_,_,_,that.adv,Degree,O
10,realize,_,realize,_,VBP,2,_,_,_,_,_,_,_,O
11,unk,_,UNK,_,JJ,2,_,_,_,_,_,_,_,O
12,liquids,_,liquid,_,NNS,2,_,_,_,_,_,_,_,O
13,with,_,with,_,IN,2,_,_,_,_,_,_,_,O
14,a,_,a,_,DT,2,_,_,_,_,_,_,_,O
15,continuously,_,continuously,_,RB,2,_,_,_,_,_,_,_,O
16,variable,_,variable,_,JJ,2,_,_,_,_,_,_,_,O
17,u,_,UNK,_,NNP,2,_,_,_,_,_,_,_,O
18,(,_,(,_,(,2,_,_,_,_,_,_,_,O
19,1,_,1,_,CD,2,_,_,_,_,_,_,_,O
20,),_,),_,),2,_,_,_,_,_,_,_,O
21,charge,_,charge,_,NN,2,_,_,_,_,_,_,_,O
22,density,_,density,_,NN,2,_,_,_,_,_,_,_,O
23,q,_,UNK,_,NNP,2,_,_,_,_,_,_,_,O
24,and,_,and,_,CC,2,_,_,_,_,_,_,_,O
25,a,_,a,_,DT,2,_,_,_,_,_,_,_,O
26,nonzero,_,UNK,_,JJ,2,_,_,_,_,_,_,_,O
27,entropy,_,UNK,_,NN,2,_,_,_,_,_,_,_,O
28,density,_,density,_,NN,2,_,_,_,_,_,_,_,O
29,s,_,UNK,_,NNP,2,_,_,_,_,_,_,_,O
30,at,_,at,_,IN,2,_,_,_,_,_,_,_,O
31,vanishing,_,vanish,_,VBG,2,_,_,_,_,_,_,_,O
32,temperature,_,temperature,_,NN,2,_,_,_,_,_,_,_,O
33,.,_,.,_,.,2,_,_,_,_,_,_,_,O
1,we,_,We,_,PRP,2,_,_,_,_,_,_,_,O
2,examine,_,examine,_,VBP,2,_,_,_,_,_,_,_,O
3,models,_,model,_,NNS,2,_,_,_,_,_,_,_,O
4,of,_,of,_,IN,2,_,_,_,_,_,_,_,O
5,fermions,_,UNK,_,NNS,2,_,_,_,_,_,_,_,O
6,with,_,with,_,IN,2,_,_,_,_,_,_,_,O
7,unk,_,UNK,_,JJ,2,_,_,_,_,_,_,_,O
8,interactions,_,UNK,_,NNS,2,_,_,_,_,_,_,_,O
9,that,_,that,_,WDT,2,_,_,_,_,_,_,_,B-Inherent_purpose
10,realize,_,realize,_,VBP,2,_,_,_,_,_,_,_,I-Inherent_purpose
11,unk,_,UNK,_,JJ,2,_,_,_,_,_,_,_,I-Inherent_purpose
12,liquids,_,liquid,_,NNS,2,_,_,_,_,_,liquid.n,Substance,O
13,with,_,with,_,IN,2,_,_,_,_,_,_,_,B-Type
14,a,_,a,_,DT,2,_,_,_,_,_,_,_,I-Type
15,continuously,_,continuously,_,RB,2,_,_,_,_,_,_,_,I-Type
16,variable,_,variable,_,JJ,2,_,_,_,_,_,_,_,I-Type
17,u,_,UNK,_,NNP,2,_,_,_,_,_,_,_,I-Type
18,(,_,(,_,(,2,_,_,_,_,_,_,_,I-Type
19,1,_,1,_,CD,2,_,_,_,_,_,_,_,I-Type
20,),_,),_,),2,_,_,_,_,_,_,_,I-Type
21,charge,_,charge,_,NN,2,_,_,_,_,_,_,_,I-Type
22,density,_,density,_,NN,2,_,_,_,_,_,_,_,I-Type
23,q,_,UNK,_,NNP,2,_,_,_,_,_,_,_,I-Type
24,and,_,and,_,CC,2,_,_,_,_,_,_,_,I-Type
25,a,_,a,_,DT,2,_,_,_,_,_,_,_,I-Type
26,nonzero,_,UNK,_,JJ,2,_,_,_,_,_,_,_,I-Type
27,entropy,_,UNK,_,NN,2,_,_,_,_,_,_,_,I-Type
28,density,_,density,_,NN,2,_,_,_,_,_,_,_,I-Type
29,s,_,UNK,_,NNP,2,_,_,_,_,_,_,_,I-Type
30,at,_,at,_,IN,2,_,_,_,_,_,_,_,I-Type
31,vanishing,_,vanish,_,VBG,2,_,_,_,_,_,_,_,I-Type
32,temperature,_,temperature,_,NN,2,_,_,_,_,_,_,_,I-Type
33,.,_,.,_,.,2,_,_,_,_,_,_,_,O
1,we,_,We,_,PRP,2,_,_,_,_,_,_,_,B-Manner
2,examine,_,examine,_,VBP,2,_,_,_,_,_,_,_,I-Manner
3,models,_,model,_,NNS,2,_,_,_,_,_,_,_,I-Manner
4,of,_,of,_,IN,2,_,_,_,_,_,_,_,I-Manner
5,fermions,_,UNK,_,NNS,2,_,_,_,_,_,_,_,I-Manner
6,with,_,with,_,IN,2,_,_,_,_,_,_,_,I-Manner
7,unk,_,UNK,_,JJ,2,_,_,_,_,_,_,_,I-Manner
8,interactions,_,UNK,_,NNS,2,_,_,_,_,_,_,_,I-Manner
9,that,_,that,_,WDT,2,_,_,_,_,_,_,_,I-Manner
10,realize,_,realize,_,VBP,2,_,_,_,_,_,_,_,I-Manner
11,unk,_,UNK,_,JJ,2,_,_,_,_,_,_,_,I-Manner
12,liquids,_,liquid,_,NNS,2,_,_,_,_,_,_,_,I-Manner
13,with,_,with,_,IN,2,_,_,_,_,_,_,_,I-Manner
14,a,_,a,_,DT,2,_,_,_,_,_,_,_,I-Manner
15,continuously,_,continuously,_,RB,2,_,_,_,_,_,_,_,I-Manner
16,variable,_,variable,_,JJ,2,_,_,_,_,_,_,_,I-Manner
17,u,_,UNK,_,NNP,2,_,_,_,_,_,_,_,I-Manner
18,(,_,(,_,(,2,_,_,_,_,_,_,_,I-Manner
19,1,_,1,_,CD,2,_,_,_,_,_,_,_,I-Manner
20,),_,),_,),2,_,_,_,_,_,_,_,I-Manner
21,charge,_,charge,_,NN,2,_,_,_,_,_,_,_,O
22,density,_,density,_,NN,2,_,_,_,_,_,_,_,O
23,q,_,UNK,_,NNP,2,_,_,_,_,_,_,_,O
24,and,_,and,_,CC,2,_,_,_,_,_,_,_,O
25,a,_,a,_,DT,2,_,_,_,_,_,_,_,O
26,nonzero,_,UNK,_,JJ,2,_,_,_,_,_,_,_,O
27,entropy,_,UNK,_,NN,2,_,_,_,_,_,_,_,O
28,density,_,density,_,NN,2,_,_,_,_,_,_,_,O
29,s,_,UNK,_,NNP,2,_,_,_,_,_,_,_,O
30,at,_,at,_,IN,2,_,_,_,_,_,_,_,O
31,vanishing,_,vanish,_,VBG,2,_,_,_,_,_,vanish.v,Departing,O
32,temperature,_,temperature,_,NN,2,_,_,_,_,_,_,_,O
33,.,_,.,_,.,2,_,_,_,_,_,_,_,O
1,we,_,We,_,PRP,2,_,_,_,_,_,_,_,B-Entity
2,examine,_,examine,_,VBP,2,_,_,_,_,_,_,_,I-Entity
3,models,_,model,_,NNS,2,_,_,_,_,_,_,_,I-Entity
4,of,_,of,_,IN,2,_,_,_,_,_,_,_,I-Entity
5,fermions,_,UNK,_,NNS,2,_,_,_,_,_,_,_,I-Entity
6,with,_,with,_,IN,2,_,_,_,_,_,_,_,I-Entity
7,unk,_,UNK,_,JJ,2,_,_,_,_,_,_,_,I-Entity
8,interactions,_,UNK,_,NNS,2,_,_,_,_,_,_,_,I-Entity
9,that,_,that,_,WDT,2,_,_,_,_,_,_,_,I-Entity
10,realize,_,realize,_,VBP,2,_,_,_,_,_,_,_,I-Entity
11,unk,_,UNK,_,JJ,2,_,_,_,_,_,_,_,I-Entity
12,liquids,_,liquid,_,NNS,2,_,_,_,_,_,_,_,I-Entity
13,with,_,with,_,IN,2,_,_,_,_,_,_,_,I-Entity
14,a,_,a,_,DT,2,_,_,_,_,_,_,_,I-Entity
15,continuously,_,continuously,_,RB,2,_,_,_,_,_,_,_,I-Entity
16,variable,_,variable,_,JJ,2,_,_,_,_,_,_,_,I-Entity
17,u,_,UNK,_,NNP,2,_,_,_,_,_,_,_,I-Entity
18,(,_,(,_,(,2,_,_,_,_,_,_,_,I-Entity
19,1,_,1,_,CD,2,_,_,_,_,_,_,_,I-Entity
20,),_,),_,),2,_,_,_,_,_,_,_,I-Entity
21,charge,_,charge,_,NN,2,_,_,_,_,_,_,_,I-Entity
22,density,_,density,_,NN,2,_,_,_,_,_,_,_,I-Entity
23,q,_,UNK,_,NNP,2,_,_,_,_,_,_,_,I-Entity
24,and,_,and,_,CC,2,_,_,_,_,_,_,_,I-Entity
25,a,_,a,_,DT,2,_,_,_,_,_,_,_,I-Entity
26,nonzero,_,UNK,_,JJ,2,_,_,_,_,_,_,_,I-Entity
27,entropy,_,UNK,_,NN,2,_,_,_,_,_,_,_,I-Entity
28,density,_,density,_,NN,2,_,_,_,_,_,_,_,I-Entity
29,s,_,UNK,_,NNP,2,_,_,_,_,_,_,_,I-Entity
30,at,_,at,_,IN,2,_,_,_,_,_,_,_,I-Entity
31,vanishing,_,vanish,_,VBG,2,_,_,_,_,_,_,_,I-Entity
32,temperature,_,temperature,_,NN,2,_,_,_,_,_,temperature.n,Temperature,S-Degree
33,.,_,.,_,.,2,_,_,_,_,_,_,_,S-Temperature
1,we,_,We,_,PRP,2,_,_,_,_,_,_,_,S-Topic
2,discuss,_,discuss,_,VBP,2,_,_,_,_,_,discuss.v,Topic,S-Degree
3,a,_,a,_,DT,2,_,_,_,_,_,_,_,S-Time
4,unk,_,UNK,_,JJ,2,_,_,_,_,_,_,_,B-Topic
5,liquid,_,liquid,_,NN,2,_,_,_,_,_,_,_,I-Topic
6,gapless,_,UNK,_,NN,2,_,_,_,_,_,_,_,I-Topic
7,metallic,_,UNK,_,JJ,2,_,_,_,_,_,_,_,I-Topic
8,surface,_,surface,_,NN,2,_,_,_,_,_,_,_,I-Topic
9,state,_,state,_,NN,2,_,_,_,_,_,_,_,I-Topic
10,of,_,of,_,IN,2,_,_,_,_,_,_,_,I-Topic
11,the,_,the,_,DT,2,_,_,_,_,_,_,_,I-Topic
12,topological,_,UNK,_,JJ,2,_,_,_,_,_,_,_,I-Topic
13,band,_,band,_,NN,2,_,_,_,_,_,_,_,I-Topic
14,insulator,_,UNK,_,NN,2,_,_,_,_,_,_,_,I-Topic
15,.,_,.,_,.,2,_,_,_,_,_,_,_,I-Topic
1,we,_,We,_,PRP,2,_,_,_,_,_,_,_,B-Origin
2,discuss,_,discuss,_,VBP,2,_,_,_,_,_,_,_,I-Origin
3,a,_,a,_,DT,2,_,_,_,_,_,_,_,I-Origin
4,unk,_,UNK,_,JJ,2,_,_,_,_,_,_,_,I-Origin
5,liquid,_,liquid,_,NN,2,_,_,_,_,_,liquid.n,Substance,O
6,gapless,_,UNK,_,NN,2,_,_,_,_,_,_,_,B-Origin
7,metallic,_,UNK,_,JJ,2,_,_,_,_,_,_,_,I-Origin
8,surface,_,surface,_,NN,2,_,_,_,_,_,_,_,I-Origin
9,state,_,state,_,NN,2,_,_,_,_,_,_,_,I-Origin
10,of,_,of,_,IN,2,_,_,_,_,_,_,_,I-Origin
11,the,_,the,_,DT,2,_,_,_,_,_,_,_,I-Origin
12,topological,_,UNK,_,JJ,2,_,_,_,_,_,_,_,I-Origin
13,band,_,band,_,NN,2,_,_,_,_,_,_,_,I-Origin
14,insulator,_,UNK,_,NN,2,_,_,_,_,_,_,_,I-Origin
15,.,_,.,_,.,2,_,_,_,_,_,_,_,I-Origin
1,we,_,We,_,PRP,2,_,_,_,_,_,_,_,B-Age
2,discuss,_,discuss,_,VBP,2,_,_,_,_,_,_,_,I-Age
3,a,_,a,_,DT,2,_,_,_,_,_,_,_,I-Age
4,unk,_,UNK,_,JJ,2,_,_,_,_,_,_,_,I-Age
5,liquid,_,liquid,_,NN,2,_,_,_,_,_,_,_,I-Age
6,gapless,_,UNK,_,NN,2,_,_,_,_,_,_,_,I-Age
7,metallic,_,UNK,_,JJ,2,_,_,_,_,_,_,_,I-Age
8,surface,_,surface,_,NN,2,_,_,_,_,_,_,_,I-Age
9,state,_,state,_,NN,2,_,_,_,_,_,_,_,I-Age
10,of,_,of,_,IN,2,_,_,_,_,_,of.prep,Age,S-Degree
11,the,_,the,_,DT,2,_,_,_,_,_,_,_,B-Age
12,topological,_,UNK,_,JJ,2,_,_,_,_,_,_,_,I-Age
13,band,_,band,_,NN,2,_,_,_,_,_,_,_,I-Age
14,insulator,_,UNK,_,NN,2,_,_,_,_,_,_,_,I-Age
15,.,_,.,_,.,2,_,_,_,_,_,_,_,I-Age
1,circulators,_,UNK,_,NNS,2,_,_,_,_,_,_,_,B-Manner
2,and,_,and,_,CC,2,_,_,_,_,_,_,_,I-Manner
3,directional,_,UNK,_,JJ,2,_,_,_,_,_,_,_,I-Manner
4,amplifiers,_,amplifier,_,NNS,2,_,_,_,_,_,_,_,I-Manner
5,are,_,be,_,VBP,2,_,_,_,_,_,_,_,I-Manner
6,crucial,_,crucial,_,JJ,2,_,_,_,_,_,_,_,I-Manner
7,unk,_,UNK,_,JJ,2,_,_,_,_,_,_,_,I-Manner
8,signal,_,signal,_,NN,2,_,_,_,_,_,_,_,I-Manner
9,routing,_,UNK,_,NN,2,_,_,_,_,_,_,_,I-Manner
10,and,_,and,_,CC,2,_,_,_,_,_,_,_,I-Manner
11,processing,_,processing,_,NN,2,_,_,_,_,_,_,_,I-Manner
12,components,_,component,_,NNS,2,_,_,_,_,_,_,_,I-Manner
13,involved,_,involve,_,VBN,2,_,_,_,_,_,_,_,I-Manner
14,in,_,in,_,IN,2,_,_,_,_,_,_,_,I-Manner
15,microwave,_,microwave,_,JJ,2,_,_,_,_,_,_,_,I-Manner
16,read-out,_,UNK,_,NN,2,_,_,_,_,_,_,_,S-Connector
17,chains,_,chain,_,NNS,2,_,_,_,_,_,chain.n,Attaching,S-Degree
18,for,_,for,_,IN,2,_,_,_,_,_,_,_,B-Purpose
19,a,_,a,_,DT,2,_,_,_,_,_,_,_,I-Purpose
20,variety,_,variety,_,NN,2,_,_,_,_,_,_,_,B-Degree
21,of,_,of,_,IN,2,_,_,_,_,_,_,_,I-Degree
22,applications,_,application,_,NNS,2,_,_,_,_,_,_,_,I-Degree
23,.,_,.,_,.,2,_,_,_,_,_,_,_,I-Degree
1,circulators,_,UNK,_,NNS,2,_,_,_,_,_,_,_,B-Degree
2,and,_,and,_,CC,2,_,_,_,_,_,_,_,I-Degree
3,directional,_,UNK,_,JJ,2,_,_,_,_,_,_,_,I-Degree
4,amplifiers,_,amplifier,_,NNS,2,_,_,_,_,_,_,_,I-Degree
5,are,_,be,_,VBP,2,_,_,_,_,_,_,_,I-Degree
6,crucial,_,crucial,_,JJ,2,_,_,_,_,_,_,_,I-Degree
7,unk,_,UNK,_,JJ,2,_,_,_,_,_,_,_,I-Degree
8,signal,_,signal,_,NN,2,_,_,_,_,_,_,_,I-Degree
9,routing,_,UNK,_,NN,2,_,_,_,_,_,_,_,I-Degree
10,and,_,and,_,CC,2,_,_,_,_,_,_,_,I-Degree
11,processing,_,processing,_,NN,2,_,_,_,_,_,_,_,I-Degree
12,components,_,component,_,NNS,2,_,_,_,_,_,_,_,I-Degree
13,involved,_,involve,_,VBN,2,_,_,_,_,_,_,_,I-Degree
14,in,_,in,_,IN,2,_,_,_,_,_,_,_,I-Degree
15,microwave,_,microwave,_,JJ,2,_,_,_,_,_,_,_,I-Degree
16,read-out,_,UNK,_,NN,2,_,_,_,_,_,_,_,I-Degree
17,chains,_,chain,_,NNS,2,_,_,_,_,_,_,_,I-Degree
18,for,_,for,_,IN,2,_,_,_,_,_,for.prep,Taking_sides,I-Degree
19,a,_,a,_,DT,2,_,_,_,_,_,_,_,S-Time
20,variety,_,variety,_,NN,2,_,_,_,_,_,_,_,B-Degree
21,of,_,of,_,IN,2,_,_,_,_,_,_,_,I-Degree
22,applications,_,application,_,NNS,2,_,_,_,_,_,_,_,I-Degree
23,.,_,.,_,.,2,_,_,_,_,_,_,_,I-Degree
1,circulators,_,UNK,_,NNS,2,_,_,_,_,_,_,_,B-Aggregate_property
2,and,_,and,_,CC,2,_,_,_,_,_,_,_,I-Aggregate_property
3,directional,_,UNK,_,JJ,2,_,_,_,_,_,_,_,I-Aggregate_property
4,amplifiers,_,amplifier,_,NNS,2,_,_,_,_,_,_,_,I-Aggregate_property
5,are,_,be,_,VBP,2,_,_,_,_,_,_,_,I-Aggregate_property
6,crucial,_,crucial,_,JJ,2,_,_,_,_,_,_,_,I-Aggregate_property
7,unk,_,UNK,_,JJ,2,_,_,_,_,_,_,_,I-Aggregate_property
8,signal,_,signal,_,NN,2,_,_,_,_,_,_,_,I-Aggregate_property
9,routing,_,UNK,_,NN,2,_,_,_,_,_,_,_,I-Aggregate_property
10,and,_,and,_,CC,2,_,_,_,_,_,_,_,I-Aggregate_property
11,processing,_,processing,_,NN,2,_,_,_,_,_,_,_,I-Aggregate_property
12,components,_,component,_,NNS,2,_,_,_,_,_,_,_,I-Aggregate_property
13,involved,_,involve,_,VBN,2,_,_,_,_,_,_,_,I-Aggregate_property
14,in,_,in,_,IN,2,_,_,_,_,_,_,_,I-Aggregate_property
15,microwave,_,microwave,_,JJ,2,_,_,_,_,_,_,_,I-Aggregate_property
16,read-out,_,UNK,_,NN,2,_,_,_,_,_,_,_,I-Aggregate_property
17,chains,_,chain,_,NNS,2,_,_,_,_,_,_,_,I-Aggregate_property
18,for,_,for,_,IN,2,_,_,_,_,_,_,_,I-Aggregate_property
19,a,_,a,_,DT,2,_,_,_,_,_,_,_,I-Aggregate_property
20,variety,_,variety,_,NN,2,_,_,_,_,_,variety.n,Aggregate,O
21,of,_,of,_,IN,2,_,_,_,_,_,_,_,O
22,applications,_,application,_,NNS,2,_,_,_,_,_,_,_,O
23,.,_,.,_,.,2,_,_,_,_,_,_,_,O
1,circulators,_,UNK,_,NNS,2,_,_,_,_,_,_,_,B-Age
2,and,_,and,_,CC,2,_,_,_,_,_,_,_,I-Age
3,directional,_,UNK,_,JJ,2,_,_,_,_,_,_,_,I-Age
4,amplifiers,_,amplifier,_,NNS,2,_,_,_,_,_,_,_,I-Age
5,are,_,be,_,VBP,2,_,_,_,_,_,_,_,I-Age
6,crucial,_,crucial,_,JJ,2,_,_,_,_,_,_,_,I-Age
7,unk,_,UNK,_,JJ,2,_,_,_,_,_,_,_,I-Age
8,signal,_,signal,_,NN,2,_,_,_,_,_,_,_,I-Age
9,routing,_,UNK,_,NN,2,_,_,_,_,_,_,_,I-Age
10,and,_,and,_,CC,2,_,_,_,_,_,_,_,I-Age
11,processing,_,processing,_,NN,2,_,_,_,_,_,_,_,I-Age
12,components,_,component,_,NNS,2,_,_,_,_,_,_,_,I-Age
13,involved,_,involve,_,VBN,2,_,_,_,_,_,_,_,I-Age
14,in,_,in,_,IN,2,_,_,_,_,_,_,_,I-Age
15,microwave,_,microwave,_,JJ,2,_,_,_,_,_,_,_,I-Age
16,read-out,_,UNK,_,NN,2,_,_,_,_,_,_,_,I-Age
17,chains,_,chain,_,NNS,2,_,_,_,_,_,_,_,I-Age
18,for,_,for,_,IN,2,_,_,_,_,_,_,_,I-Age
19,a,_,a,_,DT,2,_,_,_,_,_,_,_,I-Age
20,variety,_,variety,_,NN,2,_,_,_,_,_,_,_,I-Age
21,of,_,of,_,IN,2,_,_,_,_,_,of.prep,Age,B-Degree
22,applications,_,application,_,NNS,2,_,_,_,_,_,_,_,I-Degree
23,.,_,.,_,.,2,_,_,_,_,_,_,_,I-Degree
1,circulators,_,UNK,_,NNS,2,_,_,_,_,_,_,_,B-Agent
2,and,_,and,_,CC,2,_,_,_,_,_,_,_,I-Agent
3,directional,_,UNK,_,JJ,2,_,_,_,_,_,_,_,I-Agent
4,amplifiers,_,amplifier,_,NNS,2,_,_,_,_,_,_,_,I-Agent
5,are,_,be,_,VBP,2,_,_,_,_,_,_,_,I-Agent
6,crucial,_,crucial,_,JJ,2,_,_,_,_,_,_,_,I-Agent
7,unk,_,UNK,_,JJ,2,_,_,_,_,_,_,_,I-Agent
8,signal,_,signal,_,NN,2,_,_,_,_,_,_,_,I-Agent
9,routing,_,UNK,_,NN,2,_,_,_,_,_,_,_,I-Agent
10,and,_,and,_,CC,2,_,_,_,_,_,_,_,I-Agent
11,processing,_,processing,_,NN,2,_,_,_,_,_,_,_,I-Agent
12,components,_,component,_,NNS,2,_,_,_,_,_,_,_,I-Agent
13,involved,_,involve,_,VBN,2,_,_,_,_,_,_,_,I-Agent
14,in,_,in,_,IN,2,_,_,_,_,_,_,_,I-Agent
15,microwave,_,microwave,_,JJ,2,_,_,_,_,_,_,_,I-Agent
16,read-out,_,UNK,_,NN,2,_,_,_,_,_,_,_,I-Agent
17,chains,_,chain,_,NNS,2,_,_,_,_,_,_,_,I-Agent
18,for,_,for,_,IN,2,_,_,_,_,_,_,_,I-Agent
19,a,_,a,_,DT,2,_,_,_,_,_,_,_,I-Agent
20,variety,_,variety,_,NN,2,_,_,_,_,_,_,_,I-Agent
21,of,_,of,_,IN,2,_,_,_,_,_,_,_,O
22,applications,_,application,_,NNS,2,_,_,_,_,_,application.n,Purpose,O
23,.,_,.,_,.,2,_,_,_,_,_,_,_,O
1,we,_,We,_,PRP,2,_,_,_,_,_,_,_,B-Descriptor
2,formulate,_,formulate,_,VBP,2,_,_,_,_,_,_,_,I-Descriptor
3,a,_,a,_,DT,2,_,_,_,_,_,_,_,I-Descriptor
4,theory,_,theory,_,NN,2,_,_,_,_,_,_,_,I-Descriptor
5,of,_,of,_,IN,2,_,_,_,_,_,of.prep,Age,S-Degree
6,the,_,the,_,DT,2,_,_,_,_,_,_,_,B-Age
7,many-body,_,UNK,_,JJ,2,_,_,_,_,_,_,_,I-Age
8,localization,_,UNK,_,NN,2,_,_,_,_,_,_,_,I-Age
9,transition,_,transition,_,NN,2,_,_,_,_,_,_,_,I-Age
10,based,_,base,_,VBN,2,_,_,_,_,_,_,_,I-Age
11,on,_,on,_,IN,2,_,_,_,_,_,_,_,I-Age
12,a,_,a,_,DT,2,_,_,_,_,_,_,_,I-Age
13,novel,_,novel,_,JJ,2,_,_,_,_,_,_,_,I-Age
14,unk,_,UNK,_,JJ,2,_,_,_,_,_,_,_,I-Age
15,renormalization,_,UNK,_,NN,2,_,_,_,_,_,_,_,I-Age
16,group,_,group,_,NN,2,_,_,_,_,_,_,_,I-Age
17,(,_,(,_,(,2,_,_,_,_,_,_,_,I-Age
18,rg,_,UNK,_,NNP,2,_,_,_,_,_,_,_,I-Age
19,),_,),_,),2,_,_,_,_,_,_,_,I-Age
20,approach,_,approach,_,NN,2,_,_,_,_,_,_,_,I-Age
21,.,_,.,_,.,2,_,_,_,_,_,_,_,I-Age
1,we,_,We,_,PRP,2,_,_,_,_,_,_,_,B-Manner
2,formulate,_,formulate,_,VBP,2,_,_,_,_,_,_,_,I-Manner
3,a,_,a,_,DT,2,_,_,_,_,_,_,_,I-Manner
4,theory,_,theory,_,NN,2,_,_,_,_,_,_,_,I-Manner
5,of,_,of,_,IN,2,_,_,_,_,_,_,_,I-Manner
6,the,_,the,_,DT,2,_,_,_,_,_,_,_,I-Manner
7,many-body,_,UNK,_,JJ,2,_,_,_,_,_,_,_,I-Manner
8,localization,_,UNK,_,NN,2,_,_,_,_,_,_,_,I-Manner
9,transition,_,transition,_,NN,2,_,_,_,_,_,transition.n,Undergo_transformation,S-Degree
10,based,_,base,_,VBN,2,_,_,_,_,_,_,_,B-Manner
11,on,_,on,_,IN,2,_,_,_,_,_,_,_,I-Manner
12,a,_,a,_,DT,2,_,_,_,_,_,_,_,I-Manner
13,novel,_,novel,_,JJ,2,_,_,_,_,_,_,_,I-Manner
14,unk,_,UNK,_,JJ,2,_,_,_,_,_,_,_,I-Manner
15,renormalization,_,UNK,_,NN,2,_,_,_,_,_,_,_,I-Manner
16,group,_,group,_,NN,2,_,_,_,_,_,_,_,I-Manner
17,(,_,(,_,(,2,_,_,_,_,_,_,_,I-Manner
18,rg,_,UNK,_,NNP,2,_,_,_,_,_,_,_,I-Manner
19,),_,),_,),2,_,_,_,_,_,_,_,I-Manner
20,approach,_,approach,_,NN,2,_,_,_,_,_,_,_,I-Manner
21,.,_,.,_,.,2,_,_,_,_,_,_,_,I-Manner
1,we,_,We,_,PRP,2,_,_,_,_,_,_,_,O
2,formulate,_,formulate,_,VBP,2,_,_,_,_,_,_,_,O
3,a,_,a,_,DT,2,_,_,_,_,_,_,_,O
4,theory,_,theory,_,NN,2,_,_,_,_,_,_,_,O
5,of,_,of,_,IN,2,_,_,_,_,_,_,_,O
6,the,_,the,_,DT,2,_,_,_,_,_,_,_,O
7,many-body,_,UNK,_,JJ,2,_,_,_,_,_,_,_,O
8,localization,_,UNK,_,NN,2,_,_,_,_,_,_,_,O
9,transition,_,transition,_,NN,2,_,_,_,_,_,_,_,O
10,based,_,base,_,VBN,2,_,_,_,_,_,_,_,O
11,on,_,on,_,IN,2,_,_,_,_,_,_,_,O
12,a,_,a,_,DT,2,_,_,_,_,_,_,_,O
13,novel,_,novel,_,JJ,2,_,_,_,_,_,_,_,O
14,unk,_,UNK,_,JJ,2,_,_,_,_,_,_,_,O
15,renormalization,_,UNK,_,NN,2,_,_,_,_,_,_,_,O
16,group,_,group,_,NN,2,_,_,_,_,_,_,_,O
17,(,_,(,_,(,2,_,_,_,_,_,_,_,O
18,rg,_,UNK,_,NNP,2,_,_,_,_,_,_,_,O
19,),_,),_,),2,_,_,_,_,_,_,_,O
20,approach,_,approach,_,NN,2,_,_,_,_,_,approach.n,Means,O
21,.,_,.,_,.,2,_,_,_,_,_,_,_,O
1,we,_,We,_,PRP,2,_,_,_,_,_,_,_,S-Subject
2,study,_,study,_,VBP,2,_,_,_,_,_,study.v,Education_teaching,S-Degree
3,the,_,the,_,DT,2,_,_,_,_,_,_,_,B-Skill
4,dynamical,_,UNK,_,JJ,2,_,_,_,_,_,_,_,I-Skill
5,melting,_,UNK,_,NN,2,_,_,_,_,_,_,_,I-Skill
6,of,_,of,_,IN,2,_,_,_,_,_,_,_,I-Skill
7,``,_,``,_,``,2,_,_,_,_,_,_,_,I-Skill
8,hot,_,hot,_,JJ,2,_,_,_,_,_,_,_,I-Skill
9,'',_,'',_,'',2,_,_,_,_,_,_,_,I-Skill
10,one-dimensional,_,UNK,_,JJ,2,_,_,_,_,_,_,_,I-Skill
11,many-body,_,UNK,_,NN,2,_,_,_,_,_,_,_,I-Skill
12,localized,_,UNK,_,JJ,2,_,_,_,_,_,_,_,I-Skill
13,systems,_,system,_,NNS,2,_,_,_,_,_,_,_,I-Skill
14,.,_,.,_,.,2,_,_,_,_,_,_,_,I-Skill
1,we,_,We,_,PRP,2,_,_,_,_,_,_,_,O
2,study,_,study,_,VBP,2,_,_,_,_,_,_,_,O
3,the,_,the,_,DT,2,_,_,_,_,_,_,_,O
4,dynamical,_,UNK,_,JJ,2,_,_,_,_,_,_,_,O
5,melting,_,UNK,_,NN,2,_,_,_,_,_,_,_,O
6,of,_,of,_,IN,2,_,_,_,_,_,of.prep,Age,S-Degree
7,``,_,``,_,``,2,_,_,_,_,_,_,_,B-Age
8,hot,_,hot,_,JJ,2,_,_,_,_,_,_,_,I-Age
9,'',_,'',_,'',2,_,_,_,_,_,_,_,I-Age
10,one-dimensional,_,UNK,_,JJ,2,_,_,_,_,_,_,_,I-Age
11,many-body,_,UNK,_,NN,2,_,_,_,_,_,_,_,I-Age
12,localized,_,UNK,_,JJ,2,_,_,_,_,_,_,_,I-Age
13,systems,_,system,_,NNS,2,_,_,_,_,_,_,_,I-Age
14,.,_,.,_,.,2,_,_,_,_,_,_,_,I-Age
1,quantum,_,UNK,_,NNP,2,_,_,_,_,_,_,_,S-Result
2,heat,_,heat,_,NN,2,_,_,_,_,_,heat.v,Cause_temperature_change,S-Degree
3,engines,_,UNK,_,NNS,2,_,_,_,_,_,_,_,B-Manner
4,(,_,(,_,(,2,_,_,_,_,_,_,_,I-Manner
5,unk,_,UNK,_,NNP,2,_,_,_,_,_,_,_,I-Manner
6,),_,),_,),2,_,_,_,_,_,_,_,I-Manner
7,are,_,be,_,VBP,2,_,_,_,_,_,_,_,I-Manner
8,thermal,_,thermal,_,JJ,2,_,_,_,_,_,_,_,I-Manner
9,machines,_,machine,_,NNS,2,_,_,_,_,_,_,_,I-Manner
10,where,_,where,_,WRB,2,_,_,_,_,_,_,_,I-Manner
11,the,_,the,_,DT,2,_,_,_,_,_,_,_,I-Manner
12,working,_,UNK,_,JJ,2,_,_,_,_,_,_,_,I-Manner
13,substance,_,substance,_,NN,2,_,_,_,_,_,_,_,I-Manner
14,is,_,be,_,VBZ,2,_,_,_,_,_,_,_,I-Manner
15,a,_,a,_,DT,2,_,_,_,_,_,_,_,I-Manner
16,quantum,_,UNK,_,JJ,2,_,_,_,_,_,_,_,I-Manner
17,object,_,object,_,NN,2,_,_,_,_,_,_,_,I-Manner
18,.,_,.,_,.,2,_,_,_,_,_,_,_,I-Manner
1,quantum,_,UNK,_,NNP,2,_,_,_,_,_,_,_,O
2,heat,_,heat,_,NN,2,_,_,_,_,_,_,_,O
3,engines,_,UNK,_,NNS,2,_,_,_,_,_,_,_,O
4,(,_,(,_,(,2,_,_,_,_,_,_,_,O
5,unk,_,UNK,_,NNP,2,_,_,_,_,_,_,_,O
6,),_,),_,),2,_,_,_,_,_,_,_,O
7,are,_,be,_,VBP,2,_,_,_,_,_,_,_,O
8,thermal,_,thermal,_,JJ,2,_,_,_,_,_,_,_,O
9,machines,_,machine,_,NNS,2,_,_,_,_,_,machine.n,Gizmo,O
10,where,_,where,_,WRB,2,_,_,_,_,_,_,_,O
11,the,_,the,_,DT,2,_,_,_,_,_,_,_,O
12,working,_,UNK,_,JJ,2,_,_,_,_,_,_,_,O
13,substance,_,substance,_,NN,2,_,_,_,_,_,_,_,O
14,is,_,be,_,VBZ,2,_,_,_,_,_,_,_,O
15,a,_,a,_,DT,2,_,_,_,_,_,_,_,O
16,quantum,_,UNK,_,JJ,2,_,_,_,_,_,_,_,O
17,object,_,object,_,NN,2,_,_,_,_,_,_,_,O
18,.,_,.,_,.,2,_,_,_,_,_,_,_,O
1,we,_,We,_,PRP,2,_,_,_,_,_,_,_,O
2,propose,_,propose,_,VBP,2,_,_,_,_,_,_,_,O
3,a,_,a,_,DT,2,_,_,_,_,_,_,_,O
4,unk,_,UNK,_,JJ,2,_,_,_,_,_,_,_,O
5,symmetric,_,UNK,_,JJ,2,_,_,_,_,_,_,_,O
6,theory,_,theory,_,NN,2,_,_,_,_,_,_,_,O
7,of,_,of,_,IN,2,_,_,_,_,_,_,_,O
8,the,_,the,_,DT,2,_,_,_,_,_,_,_,O
9,unk,_,UNK,_,NNP,2,_,_,_,_,_,_,_,O
10,ground,_,ground,_,NN,2,_,_,_,_,_,ground.a,Ground_up,O
11,state,_,state,_,NN,2,_,_,_,_,_,_,_,O
12,of,_,of,_,IN,2,_,_,_,_,_,_,_,O
13,a,_,a,_,DT,2,_,_,_,_,_,_,_,O
14,half-filled,_,UNK,_,JJ,2,_,_,_,_,_,_,_,O
15,landau,_,UNK,_,NNP,2,_,_,_,_,_,_,_,O
16,level,_,level,_,NN,2,_,_,_,_,_,_,_,O
17,.,_,.,_,.,2,_,_,_,_,_,_,_,O
1,we,_,We,_,PRP,2,_,_,_,_,_,_,_,B-Age
2,propose,_,propose,_,VBP,2,_,_,_,_,_,_,_,I-Age
3,a,_,a,_,DT,2,_,_,_,_,_,_,_,I-Age
4,unk,_,UNK,_,JJ,2,_,_,_,_,_,_,_,I-Age
5,symmetric,_,UNK,_,JJ,2,_,_,_,_,_,_,_,I-Age
6,theory,_,theory,_,NN,2,_,_,_,_,_,_,_,I-Age
7,of,_,of,_,IN,2,_,_,_,_,_,_,_,I-Age
8,the,_,the,_,DT,2,_,_,_,_,_,_,_,I-Age
9,unk,_,UNK,_,NNP,2,_,_,_,_,_,_,_,I-Age
10,ground,_,ground,_,NN,2,_,_,_,_,_,_,_,I-Age
11,state,_,state,_,NN,2,_,_,_,_,_,_,_,I-Age
12,of,_,of,_,IN,2,_,_,_,_,_,of.prep,Age,S-Degree
13,a,_,a,_,DT,2,_,_,_,_,_,_,_,B-Age
14,half-filled,_,UNK,_,JJ,2,_,_,_,_,_,_,_,I-Age
15,landau,_,UNK,_,NNP,2,_,_,_,_,_,_,_,I-Age
16,level,_,level,_,NN,2,_,_,_,_,_,_,_,I-Age
17,.,_,.,_,.,2,_,_,_,_,_,_,_,I-Age
1,we,_,We,_,PRP,2,_,_,_,_,_,_,_,B-Use
2,propose,_,propose,_,VBP,2,_,_,_,_,_,_,_,I-Use
3,a,_,a,_,DT,2,_,_,_,_,_,_,_,I-Use
4,unk,_,UNK,_,JJ,2,_,_,_,_,_,_,_,I-Use
5,symmetric,_,UNK,_,JJ,2,_,_,_,_,_,_,_,I-Use
6,theory,_,theory,_,NN,2,_,_,_,_,_,_,_,I-Use
7,of,_,of,_,IN,2,_,_,_,_,_,_,_,I-Use
8,the,_,the,_,DT,2,_,_,_,_,_,_,_,I-Use
9,unk,_,UNK,_,NNP,2,_,_,_,_,_,_,_,I-Use
10,ground,_,ground,_,NN,2,_,_,_,_,_,_,_,I-Use
11,state,_,state,_,NN,2,_,_,_,_,_,_,_,I-Use
12,of,_,of,_,IN,2,_,_,_,_,_,_,_,I-Use
13,a,_,a,_,DT,2,_,_,_,_,_,_,_,I-Use
14,half-filled,_,UNK,_,JJ,2,_,_,_,_,_,_,_,I-Use
15,landau,_,UNK,_,NNP,2,_,_,_,_,_,_,_,I-Use
16,level,_,level,_,NN,2,_,_,_,_,_,level.n,Gizmo,O
17,.,_,.,_,.,2,_,_,_,_,_,_,_,S-Use
1,we,_,We,_,PRP,2,_,_,_,_,_,_,_,B-Age
2,report,_,report,_,VBP,2,_,_,_,_,_,_,_,I-Age
3,a,_,a,_,DT,2,_,_,_,_,_,_,_,I-Age
4,combined,_,combined,_,JJ,2,_,_,_,_,_,_,_,I-Age
5,experimental,_,UNK,_,NN,2,_,_,_,_,_,_,_,I-Age
6,and,_,and,_,CC,2,_,_,_,_,_,_,_,I-Age
7,theoretical,_,theoretical,_,JJ,2,_,_,_,_,_,_,_,I-Age
8,study,_,study,_,NN,2,_,_,_,_,_,_,_,I-Age
9,of,_,of,_,IN,2,_,_,_,_,_,of.prep,Age,S-Degree
10,the,_,the,_,DT,2,_,_,_,_,_,_,_,B-Age
11,candidate,_,candidate,_,NN,2,_,_,_,_,_,_,_,I-Age
12,type-ii,_,UNK,_,JJ,2,_,_,_,_,_,_,_,I-Age
13,weyl,_,UNK,_,NNP,2,_,_,_,_,_,_,_,I-Age
14,unk,_,UNK,_,NN,2,_,_,_,_,_,_,_,I-Age
15,unk,_,UNK,_,NNP,2,_,_,_,_,_,_,_,I-Age
16,.,_,.,_,.,2,_,_,_,_,_,_,_,I-Age
1,we,_,We,_,PRP,2,_,_,_,_,_,_,_,B-Time
2,introduce,_,introduce,_,VBP,2,_,_,_,_,_,_,_,I-Time
3,a,_,a,_,DT,2,_,_,_,_,_,_,_,I-Time
4,scheme,_,scheme,_,NN,2,_,_,_,_,_,_,_,I-Time
5,for,_,for,_,IN,2,_,_,_,_,_,for.prep,Taking_sides,S-Degree
6,preparation,_,preparation,_,NN,2,_,_,_,_,_,_,_,B-Manner
7,",",_,",",_,",",2,_,_,_,_,_,_,_,I-Manner
8,manipulation,_,UNK,_,NN,2,_,_,_,_,_,_,_,I-Manner
9,",",_,",",_,",",2,_,_,_,_,_,_,_,I-Manner
10,and,_,and,_,CC,2,_,_,_,_,_,_,_,I-Manner
11,read,_,read,_,VBD,2,_,_,_,_,_,_,_,I-Manner
12,out,_,out,_,IN,2,_,_,_,_,_,_,_,I-Manner
13,of,_,of,_,IN,2,_,_,_,_,_,_,_,I-Manner
14,majorana,_,UNK,_,NNP,2,_,_,_,_,_,_,_,I-Manner
15,zero,_,zero,_,NNP,2,_,_,_,_,_,_,_,I-Manner
16,modes,_,UNK,_,NNS,2,_,_,_,_,_,_,_,I-Manner
17,in,_,in,_,IN,2,_,_,_,_,_,_,_,I-Manner
18,semiconducting,_,UNK,_,VBG,2,_,_,_,_,_,_,_,I-Manner
19,wires,_,wire,_,NNS,2,_,_,_,_,_,_,_,I-Manner
20,with,_,with,_,IN,2,_,_,_,_,_,_,_,I-Manner
21,mesoscopic,_,UNK,_,NN,2,_,_,_,_,_,_,_,I-Manner
22,superconducting,_,UNK,_,VBG,2,_,_,_,_,_,_,_,I-Manner
23,islands,_,island,_,NNS,2,_,_,_,_,_,_,_,I-Manner
24,.,_,.,_,.,2,_,_,_,_,_,_,_,I-Manner
1,we,_,We,_,PRP,2,_,_,_,_,_,_,_,B-Purpose
2,introduce,_,introduce,_,VBP,2,_,_,_,_,_,_,_,I-Purpose
3,a,_,a,_,DT,2,_,_,_,_,_,_,_,I-Purpose
4,scheme,_,scheme,_,NN,2,_,_,_,_,_,_,_,I-Purpose
5,for,_,for,_,IN,2,_,_,_,_,_,_,_,I-Purpose
6,preparation,_,preparation,_,NN,2,_,_,_,_,_,preparation.n,Cooking_creation,S-Degree
7,",",_,",",_,",",2,_,_,_,_,_,_,_,B-Manner
8,manipulation,_,UNK,_,NN,2,_,_,_,_,_,_,_,I-Manner
9,",",_,",",_,",",2,_,_,_,_,_,_,_,I-Manner
10,and,_,and,_,CC,2,_,_,_,_,_,_,_,I-Manner
11,read,_,read,_,VBD,2,_,_,_,_,_,_,_,I-Manner
12,out,_,out,_,IN,2,_,_,_,_,_,_,_,I-Manner
13,of,_,of,_,IN,2,_,_,_,_,_,_,_,I-Manner
14,majorana,_,UNK,_,NNP,2,_,_,_,_,_,_,_,I-Manner
15,zero,_,zero,_,NNP,2,_,_,_,_,_,_,_,I-Manner
16,modes,_,UNK,_,NNS,2,_,_,_,_,_,_,_,I-Manner
17,in,_,in,_,IN,2,_,_,_,_,_,_,_,I-Manner
18,semiconducting,_,UNK,_,VBG,2,_,_,_,_,_,_,_,I-Manner
19,wires,_,wire,_,NNS,2,_,_,_,_,_,_,_,I-Manner
20,with,_,with,_,IN,2,_,_,_,_,_,_,_,I-Manner
21,mesoscopic,_,UNK,_,NN,2,_,_,_,_,_,_,_,I-Manner
22,superconducting,_,UNK,_,VBG,2,_,_,_,_,_,_,_,I-Manner
23,islands,_,island,_,NNS,2,_,_,_,_,_,_,_,I-Manner
24,.,_,.,_,.,2,_,_,_,_,_,_,_,I-Manner
1,we,_,We,_,PRP,2,_,_,_,_,_,_,_,B-Figure
2,introduce,_,introduce,_,VBP,2,_,_,_,_,_,_,_,I-Figure
3,a,_,a,_,DT,2,_,_,_,_,_,_,_,I-Figure
4,scheme,_,scheme,_,NN,2,_,_,_,_,_,_,_,I-Figure
5,for,_,for,_,IN,2,_,_,_,_,_,_,_,I-Figure
6,preparation,_,preparation,_,NN,2,_,_,_,_,_,_,_,I-Figure
7,",",_,",",_,",",2,_,_,_,_,_,_,_,I-Figure
8,manipulation,_,UNK,_,NN,2,_,_,_,_,_,_,_,I-Figure
9,",",_,",",_,",",2,_,_,_,_,_,_,_,I-Figure
10,and,_,and,_,CC,2,_,_,_,_,_,_,_,I-Figure
11,read,_,read,_,VBD,2,_,_,_,_,_,_,_,I-Figure
12,out,_,out,_,IN,2,_,_,_,_,_,out.prep,Locative_relation,O
13,of,_,of,_,IN,2,_,_,_,_,_,_,_,B-Figure
14,majorana,_,UNK,_,NNP,2,_,_,_,_,_,_,_,I-Figure
15,zero,_,zero,_,NNP,2,_,_,_,_,_,_,_,I-Figure
16,modes,_,UNK,_,NNS,2,_,_,_,_,_,_,_,I-Figure
17,in,_,in,_,IN,2,_,_,_,_,_,_,_,I-Figure
18,semiconducting,_,UNK,_,VBG,2,_,_,_,_,_,_,_,I-Figure
19,wires,_,wire,_,NNS,2,_,_,_,_,_,_,_,I-Figure
20,with,_,with,_,IN,2,_,_,_,_,_,_,_,I-Figure
21,mesoscopic,_,UNK,_,NN,2,_,_,_,_,_,_,_,I-Figure
22,superconducting,_,UNK,_,VBG,2,_,_,_,_,_,_,_,I-Figure
23,islands,_,island,_,NNS,2,_,_,_,_,_,_,_,I-Figure
24,.,_,.,_,.,2,_,_,_,_,_,_,_,I-Figure
1,we,_,We,_,PRP,2,_,_,_,_,_,_,_,B-Unit
2,introduce,_,introduce,_,VBP,2,_,_,_,_,_,_,_,I-Unit
3,a,_,a,_,DT,2,_,_,_,_,_,_,_,I-Unit
4,scheme,_,scheme,_,NN,2,_,_,_,_,_,_,_,I-Unit
5,for,_,for,_,IN,2,_,_,_,_,_,_,_,I-Unit
6,preparation,_,preparation,_,NN,2,_,_,_,_,_,_,_,I-Unit
7,",",_,",",_,",",2,_,_,_,_,_,_,_,I-Unit
8,manipulation,_,UNK,_,NN,2,_,_,_,_,_,_,_,I-Unit
9,",",_,",",_,",",2,_,_,_,_,_,_,_,I-Unit
10,and,_,and,_,CC,2,_,_,_,_,_,_,_,I-Unit
11,read,_,read,_,VBD,2,_,_,_,_,_,_,_,I-Unit
12,out,_,out,_,IN,2,_,_,_,_,_,_,_,I-Unit
13,of,_,of,_,IN,2,_,_,_,_,_,_,_,I-Unit
14,majorana,_,UNK,_,NNP,2,_,_,_,_,_,_,_,I-Unit
15,zero,_,zero,_,NNP,2,_,_,_,_,_,zero.num,Cardinal_numbers,O
16,modes,_,UNK,_,NNS,2,_,_,_,_,_,_,_,B-Unit
17,in,_,in,_,IN,2,_,_,_,_,_,_,_,I-Unit
18,semiconducting,_,UNK,_,VBG,2,_,_,_,_,_,_,_,I-Unit
19,wires,_,wire,_,NNS,2,_,_,_,_,_,_,_,I-Unit
20,with,_,with,_,IN,2,_,_,_,_,_,_,_,I-Unit
21,mesoscopic,_,UNK,_,NN,2,_,_,_,_,_,_,_,I-Unit
22,superconducting,_,UNK,_,VBG,2,_,_,_,_,_,_,_,I-Unit
23,islands,_,island,_,NNS,2,_,_,_,_,_,_,_,I-Unit
24,.,_,.,_,.,2,_,_,_,_,_,_,_,I-Unit
1,we,_,We,_,PRP,2,_,_,_,_,_,_,_,B-Degree
2,introduce,_,introduce,_,VBP,2,_,_,_,_,_,_,_,I-Degree
3,a,_,a,_,DT,2,_,_,_,_,_,_,_,I-Degree
4,scheme,_,scheme,_,NN,2,_,_,_,_,_,_,_,I-Degree
5,for,_,for,_,IN,2,_,_,_,_,_,_,_,I-Degree
6,preparation,_,preparation,_,NN,2,_,_,_,_,_,_,_,I-Degree
7,",",_,",",_,",",2,_,_,_,_,_,_,_,I-Degree
8,manipulation,_,UNK,_,NN,2,_,_,_,_,_,_,_,I-Degree
9,",",_,",",_,",",2,_,_,_,_,_,_,_,I-Degree
10,and,_,and,_,CC,2,_,_,_,_,_,_,_,I-Degree
11,read,_,read,_,VBD,2,_,_,_,_,_,_,_,I-Degree
12,out,_,out,_,IN,2,_,_,_,_,_,_,_,I-Degree
13,of,_,of,_,IN,2,_,_,_,_,_,_,_,I-Degree
14,majorana,_,UNK,_,NNP,2,_,_,_,_,_,_,_,I-Degree
15,zero,_,zero,_,NNP,2,_,_,_,_,_,_,_,I-Degree
16,modes,_,UNK,_,NNS,2,_,_,_,_,_,_,_,I-Degree
17,in,_,in,_,IN,2,_,_,_,_,_,_,_,I-Degree
18,semiconducting,_,UNK,_,VBG,2,_,_,_,_,_,_,_,I-Degree
19,wires,_,wire,_,NNS,2,_,_,_,_,_,wire.n,Attaching,I-Degree
20,with,_,with,_,IN,2,_,_,_,_,_,_,_,B-Purpose
21,mesoscopic,_,UNK,_,NN,2,_,_,_,_,_,_,_,I-Purpose
22,superconducting,_,UNK,_,VBG,2,_,_,_,_,_,_,_,I-Purpose
23,islands,_,island,_,NNS,2,_,_,_,_,_,_,_,I-Purpose
24,.,_,.,_,.,2,_,_,_,_,_,_,_,S-Degree
1,we,_,We,_,PRP,2,_,_,_,_,_,_,_,B-Constituent_parts
2,introduce,_,introduce,_,VBP,2,_,_,_,_,_,_,_,I-Constituent_parts
3,a,_,a,_,DT,2,_,_,_,_,_,_,_,I-Constituent_parts
4,scheme,_,scheme,_,NN,2,_,_,_,_,_,_,_,I-Constituent_parts
5,for,_,for,_,IN,2,_,_,_,_,_,_,_,I-Constituent_parts
6,preparation,_,preparation,_,NN,2,_,_,_,_,_,_,_,I-Constituent_parts
7,",",_,",",_,",",2,_,_,_,_,_,_,_,I-Constituent_parts
8,manipulation,_,UNK,_,NN,2,_,_,_,_,_,_,_,I-Constituent_parts
9,",",_,",",_,",",2,_,_,_,_,_,_,_,I-Constituent_parts
10,and,_,and,_,CC,2,_,_,_,_,_,_,_,I-Constituent_parts
11,read,_,read,_,VBD,2,_,_,_,_,_,_,_,I-Constituent_parts
12,out,_,out,_,IN,2,_,_,_,_,_,_,_,I-Constituent_parts
13,of,_,of,_,IN,2,_,_,_,_,_,_,_,I-Constituent_parts
14,majorana,_,UNK,_,NNP,2,_,_,_,_,_,_,_,I-Constituent_parts
15,zero,_,zero,_,NNP,2,_,_,_,_,_,_,_,I-Constituent_parts
16,modes,_,UNK,_,NNS,2,_,_,_,_,_,_,_,I-Constituent_parts
17,in,_,in,_,IN,2,_,_,_,_,_,_,_,I-Constituent_parts
18,semiconducting,_,UNK,_,VBG,2,_,_,_,_,_,_,_,I-Constituent_parts
19,wires,_,wire,_,NNS,2,_,_,_,_,_,_,_,I-Constituent_parts
20,with,_,with,_,IN,2,_,_,_,_,_,_,_,I-Constituent_parts
21,mesoscopic,_,UNK,_,NN,2,_,_,_,_,_,_,_,I-Constituent_parts
22,superconducting,_,UNK,_,VBG,2,_,_,_,_,_,_,_,I-Constituent_parts
23,islands,_,island,_,NNS,2,_,_,_,_,_,island.n,Natural_features,O
24,.,_,.,_,.,2,_,_,_,_,_,_,_,O
1,understanding,_,UNK,_,VBG,2,_,_,_,_,_,_,_,S-Depictive
2,the,_,the,_,DT,2,_,_,_,_,_,_,_,S-Time
3,general,_,general,_,JJ,2,_,_,_,_,_,general.n,Leadership,S-Degree
4,principles,_,principle,_,NNS,2,_,_,_,_,_,_,_,B-Manner
5,underlying,_,UNK,_,VBG,2,_,_,_,_,_,_,_,I-Manner
6,strongly,_,strongly,_,RB,2,_,_,_,_,_,_,_,I-Manner
7,interacting,_,UNK,_,VBG,2,_,_,_,_,_,_,_,I-Manner
8,quantum,_,UNK,_,VB,2,_,_,_,_,_,_,_,I-Manner
9,states,_,state,_,NNS,2,_,_,_,_,_,_,_,I-Manner
10,out,_,out,_,IN,2,_,_,_,_,_,_,_,I-Manner
11,of,_,of,_,IN,2,_,_,_,_,_,_,_,I-Manner
12,equilibrium,_,UNK,_,NN,2,_,_,_,_,_,_,_,I-Manner
13,is,_,be,_,VBZ,2,_,_,_,_,_,_,_,I-Manner
14,one,_,one,_,CD,2,_,_,_,_,_,_,_,I-Manner
15,of,_,of,_,IN,2,_,_,_,_,_,_,_,I-Manner
16,the,_,the,_,DT,2,_,_,_,_,_,_,_,I-Manner
17,most,_,most,_,RBS,2,_,_,_,_,_,_,_,I-Manner
18,important,_,important,_,JJ,2,_,_,_,_,_,_,_,I-Manner
19,tasks,_,task,_,NNS,2,_,_,_,_,_,_,_,I-Manner
20,of,_,of,_,IN,2,_,_,_,_,_,_,_,I-Manner
21,current,_,current,_,JJ,2,_,_,_,_,_,_,_,I-Manner
22,theoretical,_,theoretical,_,JJ,2,_,_,_,_,_,_,_,I-Manner
23,physics,_,physic,_,NNS,2,_,_,_,_,_,_,_,I-Manner
24,.,_,.,_,.,2,_,_,_,_,_,_,_,O
1,understanding,_,UNK,_,VBG,2,_,_,_,_,_,_,_,B-Entity
2,the,_,the,_,DT,2,_,_,_,_,_,_,_,I-Entity
3,general,_,general,_,JJ,2,_,_,_,_,_,_,_,I-Entity
4,principles,_,principle,_,NNS,2,_,_,_,_,_,_,_,I-Entity
5,underlying,_,UNK,_,VBG,2,_,_,_,_,_,_,_,I-Entity
6,strongly,_,strongly,_,RB,2,_,_,_,_,_,_,_,I-Entity
7,interacting,_,UNK,_,VBG,2,_,_,_,_,_,_,_,I-Entity
8,quantum,_,UNK,_,VB,2,_,_,_,_,_,_,_,I-Entity
9,states,_,state,_,NNS,2,_,_,_,_,_,state.n,State_of_entity,B-Parameter
10,out,_,out,_,IN,2,_,_,_,_,_,_,_,I-Parameter
11,of,_,of,_,IN,2,_,_,_,_,_,_,_,I-Parameter
12,equilibrium,_,UNK,_,NN,2,_,_,_,_,_,_,_,I-Parameter
13,is,_,be,_,VBZ,2,_,_,_,_,_,_,_,I-Parameter
14,one,_,one,_,CD,2,_,_,_,_,_,_,_,I-Parameter
15,of,_,of,_,IN,2,_,_,_,_,_,_,_,I-Parameter
16,the,_,the,_,DT,2,_,_,_,_,_,_,_,I-Parameter
17,most,_,most,_,RBS,2,_,_,_,_,_,_,_,I-Parameter
18,important,_,important,_,JJ,2,_,_,_,_,_,_,_,I-Parameter
19,tasks,_,task,_,NNS,2,_,_,_,_,_,_,_,I-Parameter
20,of,_,of,_,IN,2,_,_,_,_,_,_,_,I-Parameter
21,current,_,current,_,JJ,2,_,_,_,_,_,_,_,I-Parameter
22,theoretical,_,theoretical,_,JJ,2,_,_,_,_,_,_,_,I-Parameter
23,physics,_,physic,_,NNS,2,_,_,_,_,_,_,_,I-Parameter
24,.,_,.,_,.,2,_,_,_,_,_,_,_,I-Parameter
1,understanding,_,UNK,_,VBG,2,_,_,_,_,_,_,_,B-Figure
2,the,_,the,_,DT,2,_,_,_,_,_,_,_,I-Figure
3,general,_,general,_,JJ,2,_,_,_,_,_,_,_,I-Figure
4,principles,_,principle,_,NNS,2,_,_,_,_,_,_,_,I-Figure
5,underlying,_,UNK,_,VBG,2,_,_,_,_,_,_,_,I-Figure
6,strongly,_,strongly,_,RB,2,_,_,_,_,_,_,_,I-Figure
7,interacting,_,UNK,_,VBG,2,_,_,_,_,_,_,_,I-Figure
8,quantum,_,UNK,_,VB,2,_,_,_,_,_,_,_,S-Figures
9,states,_,state,_,NNS,2,_,_,_,_,_,_,_,S-Ground
10,out,_,out,_,IN,2,_,_,_,_,_,out.prep,Locative_relation,O
11,of,_,of,_,IN,2,_,_,_,_,_,_,_,B-Figure
12,equilibrium,_,UNK,_,NN,2,_,_,_,_,_,_,_,I-Figure
13,is,_,be,_,VBZ,2,_,_,_,_,_,_,_,I-Figure
14,one,_,one,_,CD,2,_,_,_,_,_,_,_,I-Figure
15,of,_,of,_,IN,2,_,_,_,_,_,_,_,I-Figure
16,the,_,the,_,DT,2,_,_,_,_,_,_,_,I-Figure
17,most,_,most,_,RBS,2,_,_,_,_,_,_,_,I-Figure
18,important,_,important,_,JJ,2,_,_,_,_,_,_,_,I-Figure
19,tasks,_,task,_,NNS,2,_,_,_,_,_,_,_,I-Figure
20,of,_,of,_,IN,2,_,_,_,_,_,_,_,I-Figure
21,current,_,current,_,JJ,2,_,_,_,_,_,_,_,I-Figure
22,theoretical,_,theoretical,_,JJ,2,_,_,_,_,_,_,_,I-Figure
23,physics,_,physic,_,NNS,2,_,_,_,_,_,_,_,I-Figure
24,.,_,.,_,.,2,_,_,_,_,_,_,_,I-Figure
1,understanding,_,UNK,_,VBG,2,_,_,_,_,_,_,_,B-Age
2,the,_,the,_,DT,2,_,_,_,_,_,_,_,I-Age
3,general,_,general,_,JJ,2,_,_,_,_,_,_,_,I-Age
4,principles,_,principle,_,NNS,2,_,_,_,_,_,_,_,I-Age
5,underlying,_,UNK,_,VBG,2,_,_,_,_,_,_,_,I-Age
6,strongly,_,strongly,_,RB,2,_,_,_,_,_,_,_,I-Age
7,interacting,_,UNK,_,VBG,2,_,_,_,_,_,_,_,I-Age
8,quantum,_,UNK,_,VB,2,_,_,_,_,_,_,_,I-Age
9,states,_,state,_,NNS,2,_,_,_,_,_,_,_,I-Age
10,out,_,out,_,IN,2,_,_,_,_,_,_,_,I-Age
11,of,_,of,_,IN,2,_,_,_,_,_,of.prep,Age,S-Degree
12,equilibrium,_,UNK,_,NN,2,_,_,_,_,_,_,_,B-Age
13,is,_,be,_,VBZ,2,_,_,_,_,_,_,_,I-Age
14,one,_,one,_,CD,2,_,_,_,_,_,_,_,I-Age
15,of,_,of,_,IN,2,_,_,_,_,_,_,_,I-Age
16,the,_,the,_,DT,2,_,_,_,_,_,_,_,I-Age
17,most,_,most,_,RBS,2,_,_,_,_,_,_,_,I-Age
18,important,_,important,_,JJ,2,_,_,_,_,_,_,_,I-Age
19,tasks,_,task,_,NNS,2,_,_,_,_,_,_,_,I-Age
20,of,_,of,_,IN,2,_,_,_,_,_,_,_,I-Age
21,current,_,current,_,JJ,2,_,_,_,_,_,_,_,I-Age
22,theoretical,_,theoretical,_,JJ,2,_,_,_,_,_,_,_,I-Age
23,physics,_,physic,_,NNS,2,_,_,_,_,_,_,_,I-Age
24,.,_,.,_,.,2,_,_,_,_,_,_,_,I-Age
1,understanding,_,UNK,_,VBG,2,_,_,_,_,_,_,_,B-Unit
2,the,_,the,_,DT,2,_,_,_,_,_,_,_,I-Unit
3,general,_,general,_,JJ,2,_,_,_,_,_,_,_,I-Unit
4,principles,_,principle,_,NNS,2,_,_,_,_,_,_,_,I-Unit
5,underlying,_,UNK,_,VBG,2,_,_,_,_,_,_,_,I-Unit
6,strongly,_,strongly,_,RB,2,_,_,_,_,_,_,_,I-Unit
7,interacting,_,UNK,_,VBG,2,_,_,_,_,_,_,_,I-Unit
8,quantum,_,UNK,_,VB,2,_,_,_,_,_,_,_,I-Unit
9,states,_,state,_,NNS,2,_,_,_,_,_,_,_,I-Unit
10,out,_,out,_,IN,2,_,_,_,_,_,_,_,I-Unit
11,of,_,of,_,IN,2,_,_,_,_,_,_,_,I-Unit
12,equilibrium,_,UNK,_,NN,2,_,_,_,_,_,_,_,I-Unit
13,is,_,be,_,VBZ,2,_,_,_,_,_,_,_,I-Unit
14,one,_,one,_,CD,2,_,_,_,_,_,one.num,Cardinal_numbers,O
15,of,_,of,_,IN,2,_,_,_,_,_,_,_,B-Unit
16,the,_,the,_,DT,2,_,_,_,_,_,_,_,I-Unit
17,most,_,most,_,RBS,2,_,_,_,_,_,_,_,I-Unit
18,important,_,important,_,JJ,2,_,_,_,_,_,_,_,I-Unit
19,tasks,_,task,_,NNS,2,_,_,_,_,_,_,_,I-Unit
20,of,_,of,_,IN,2,_,_,_,_,_,_,_,I-Unit
21,current,_,current,_,JJ,2,_,_,_,_,_,_,_,I-Unit
22,theoretical,_,theoretical,_,JJ,2,_,_,_,_,_,_,_,I-Unit
23,physics,_,physic,_,NNS,2,_,_,_,_,_,_,_,I-Unit
24,.,_,.,_,.,2,_,_,_,_,_,_,_,I-Unit
1,understanding,_,UNK,_,VBG,2,_,_,_,_,_,_,_,B-Age
2,the,_,the,_,DT,2,_,_,_,_,_,_,_,I-Age
3,general,_,general,_,JJ,2,_,_,_,_,_,_,_,I-Age
4,principles,_,principle,_,NNS,2,_,_,_,_,_,_,_,I-Age
5,underlying,_,UNK,_,VBG,2,_,_,_,_,_,_,_,I-Age
6,strongly,_,strongly,_,RB,2,_,_,_,_,_,_,_,I-Age
7,interacting,_,UNK,_,VBG,2,_,_,_,_,_,_,_,I-Age
8,quantum,_,UNK,_,VB,2,_,_,_,_,_,_,_,I-Age
9,states,_,state,_,NNS,2,_,_,_,_,_,_,_,I-Age
10,out,_,out,_,IN,2,_,_,_,_,_,_,_,I-Age
11,of,_,of,_,IN,2,_,_,_,_,_,_,_,I-Age
12,equilibrium,_,UNK,_,NN,2,_,_,_,_,_,_,_,I-Age
13,is,_,be,_,VBZ,2,_,_,_,_,_,_,_,I-Age
14,one,_,one,_,CD,2,_,_,_,_,_,_,_,I-Age
15,of,_,of,_,IN,2,_,_,_,_,_,of.prep,Age,S-Degree
16,the,_,the,_,DT,2,_,_,_,_,_,_,_,B-Age
17,most,_,most,_,RBS,2,_,_,_,_,_,_,_,I-Age
18,important,_,important,_,JJ,2,_,_,_,_,_,_,_,I-Age
19,tasks,_,task,_,NNS,2,_,_,_,_,_,_,_,B-Degree
20,of,_,of,_,IN,2,_,_,_,_,_,_,_,I-Degree
21,current,_,current,_,JJ,2,_,_,_,_,_,_,_,I-Degree
22,theoretical,_,theoretical,_,JJ,2,_,_,_,_,_,_,_,I-Degree
23,physics,_,physic,_,NNS,2,_,_,_,_,_,_,_,I-Degree
24,.,_,.,_,.,2,_,_,_,_,_,_,_,I-Degree
1,understanding,_,UNK,_,VBG,2,_,_,_,_,_,_,_,B-Time
2,the,_,the,_,DT,2,_,_,_,_,_,_,_,I-Time
3,general,_,general,_,JJ,2,_,_,_,_,_,_,_,I-Time
4,principles,_,principle,_,NNS,2,_,_,_,_,_,_,_,I-Time
5,underlying,_,UNK,_,VBG,2,_,_,_,_,_,_,_,I-Time
6,strongly,_,strongly,_,RB,2,_,_,_,_,_,_,_,I-Time
7,interacting,_,UNK,_,VBG,2,_,_,_,_,_,_,_,I-Time
8,quantum,_,UNK,_,VB,2,_,_,_,_,_,_,_,I-Time
9,states,_,state,_,NNS,2,_,_,_,_,_,_,_,I-Time
10,out,_,out,_,IN,2,_,_,_,_,_,_,_,I-Time
11,of,_,of,_,IN,2,_,_,_,_,_,_,_,I-Time
12,equilibrium,_,UNK,_,NN,2,_,_,_,_,_,_,_,I-Time
13,is,_,be,_,VBZ,2,_,_,_,_,_,_,_,I-Time
14,one,_,one,_,CD,2,_,_,_,_,_,_,_,I-Time
15,of,_,of,_,IN,2,_,_,_,_,_,_,_,I-Time
16,the,_,the,_,DT,2,_,_,_,_,_,_,_,I-Time
17,most,_,most,_,RBS,2,_,_,_,_,_,_,_,I-Time
18,important,_,important,_,JJ,2,_,_,_,_,_,_,_,I-Time
19,tasks,_,task,_,NNS,2,_,_,_,_,_,task.n,Being_obligated,S-Condition
20,of,_,of,_,IN,2,_,_,_,_,_,_,_,B-Frequency
21,current,_,current,_,JJ,2,_,_,_,_,_,_,_,I-Frequency
22,theoretical,_,theoretical,_,JJ,2,_,_,_,_,_,_,_,I-Frequency
23,physics,_,physic,_,NNS,2,_,_,_,_,_,_,_,I-Frequency
24,.,_,.,_,.,2,_,_,_,_,_,_,_,I-Frequency
1,understanding,_,UNK,_,VBG,2,_,_,_,_,_,_,_,B-Age
2,the,_,the,_,DT,2,_,_,_,_,_,_,_,I-Age
3,general,_,general,_,JJ,2,_,_,_,_,_,_,_,I-Age
4,principles,_,principle,_,NNS,2,_,_,_,_,_,_,_,I-Age
5,underlying,_,UNK,_,VBG,2,_,_,_,_,_,_,_,I-Age
6,strongly,_,strongly,_,RB,2,_,_,_,_,_,_,_,I-Age
7,interacting,_,UNK,_,VBG,2,_,_,_,_,_,_,_,I-Age
8,quantum,_,UNK,_,VB,2,_,_,_,_,_,_,_,I-Age
9,states,_,state,_,NNS,2,_,_,_,_,_,_,_,I-Age
10,out,_,out,_,IN,2,_,_,_,_,_,_,_,I-Age
11,of,_,of,_,IN,2,_,_,_,_,_,_,_,I-Age
12,equilibrium,_,UNK,_,NN,2,_,_,_,_,_,_,_,I-Age
13,is,_,be,_,VBZ,2,_,_,_,_,_,_,_,I-Age
14,one,_,one,_,CD,2,_,_,_,_,_,_,_,I-Age
15,of,_,of,_,IN,2,_,_,_,_,_,_,_,I-Age
16,the,_,the,_,DT,2,_,_,_,_,_,_,_,I-Age
17,most,_,most,_,RBS,2,_,_,_,_,_,_,_,I-Age
18,important,_,important,_,JJ,2,_,_,_,_,_,_,_,I-Age
19,tasks,_,task,_,NNS,2,_,_,_,_,_,_,_,I-Age
20,of,_,of,_,IN,2,_,_,_,_,_,of.prep,Age,S-Degree
21,current,_,current,_,JJ,2,_,_,_,_,_,_,_,B-Descriptor
22,theoretical,_,theoretical,_,JJ,2,_,_,_,_,_,_,_,I-Descriptor
23,physics,_,physic,_,NNS,2,_,_,_,_,_,_,_,I-Descriptor
24,.,_,.,_,.,2,_,_,_,_,_,_,_,I-Descriptor
1,understanding,_,UNK,_,VBG,2,_,_,_,_,_,_,_,O
2,the,_,the,_,DT,2,_,_,_,_,_,_,_,O
3,general,_,general,_,JJ,2,_,_,_,_,_,_,_,O
4,principles,_,principle,_,NNS,2,_,_,_,_,_,_,_,O
5,underlying,_,UNK,_,VBG,2,_,_,_,_,_,_,_,O
6,strongly,_,strongly,_,RB,2,_,_,_,_,_,_,_,O
7,interacting,_,UNK,_,VBG,2,_,_,_,_,_,_,_,O
8,quantum,_,UNK,_,VB,2,_,_,_,_,_,_,_,O
9,states,_,state,_,NNS,2,_,_,_,_,_,_,_,O
10,out,_,out,_,IN,2,_,_,_,_,_,_,_,O
11,of,_,of,_,IN,2,_,_,_,_,_,_,_,O
12,equilibrium,_,UNK,_,NN,2,_,_,_,_,_,_,_,O
13,is,_,be,_,VBZ,2,_,_,_,_,_,_,_,O
14,one,_,one,_,CD,2,_,_,_,_,_,_,_,O
15,of,_,of,_,IN,2,_,_,_,_,_,_,_,O
16,the,_,the,_,DT,2,_,_,_,_,_,_,_,O
17,most,_,most,_,RBS,2,_,_,_,_,_,_,_,O
18,important,_,important,_,JJ,2,_,_,_,_,_,_,_,O
19,tasks,_,task,_,NNS,2,_,_,_,_,_,_,_,O
20,of,_,of,_,IN,2,_,_,_,_,_,_,_,O
21,current,_,current,_,JJ,2,_,_,_,_,_,current.a,Temporal_collocation,O
22,theoretical,_,theoretical,_,JJ,2,_,_,_,_,_,_,_,B-Landmark_period
23,physics,_,physic,_,NNS,2,_,_,_,_,_,_,_,I-Landmark_period
24,.,_,.,_,.,2,_,_,_,_,_,_,_,I-Landmark_period
1,with,_,With,_,IN,3,_,_,_,_,_,_,_,S-Instrument
2,experiments,_,experiment,_,NNS,3,_,_,_,_,_,experiment.n,Experimentation,O
3,accessing,_,access,_,VBG,3,_,_,_,_,_,_,_,B-Hypothesis
4,the,_,the,_,DT,3,_,_,_,_,_,_,_,I-Hypothesis
5,intricate,_,intricate,_,JJ,3,_,_,_,_,_,_,_,I-Hypothesis
6,dynamics,_,UNK,_,NNS,3,_,_,_,_,_,_,_,O
7,of,_,of,_,IN,3,_,_,_,_,_,_,_,O
8,many-body,_,UNK,_,NN,3,_,_,_,_,_,_,_,O
9,quantum,_,UNK,_,NN,3,_,_,_,_,_,_,_,O
10,systems,_,system,_,NNS,3,_,_,_,_,_,_,_,O
11,",",_,",",_,",",3,_,_,_,_,_,_,_,O
12,it,_,it,_,PRP,3,_,_,_,_,_,_,_,O
13,is,_,be,_,VBZ,3,_,_,_,_,_,_,_,O
14,paramount,_,UNK,_,JJ,3,_,_,_,_,_,_,_,O
15,to,_,to,_,TO,3,_,_,_,_,_,_,_,O
16,develop,_,develop,_,VB,3,_,_,_,_,_,_,_,O
17,powerful,_,powerful,_,JJ,3,_,_,_,_,_,_,_,O
18,methods,_,method,_,NNS,3,_,_,_,_,_,_,_,O
19,that,_,that,_,WDT,3,_,_,_,_,_,_,_,O
20,encode,_,UNK,_,VBP,3,_,_,_,_,_,_,_,O
21,the,_,the,_,DT,3,_,_,_,_,_,_,_,O
22,emergent,_,UNK,_,NN,3,_,_,_,_,_,_,_,O
23,physics,_,physic,_,NNS,3,_,_,_,_,_,_,_,O
24,.,_,.,_,.,3,_,_,_,_,_,_,_,O
1,with,_,With,_,IN,3,_,_,_,_,_,_,_,O
2,experiments,_,experiment,_,NNS,3,_,_,_,_,_,_,_,O
3,accessing,_,access,_,VBG,3,_,_,_,_,_,access.v,Having_or_lacking_access,S-Degree
4,the,_,the,_,DT,3,_,_,_,_,_,_,_,B-Useful_location
5,intricate,_,intricate,_,JJ,3,_,_,_,_,_,_,_,I-Useful_location
6,dynamics,_,UNK,_,NNS,3,_,_,_,_,_,_,_,B-Degree
7,of,_,of,_,IN,3,_,_,_,_,_,_,_,I-Degree
8,many-body,_,UNK,_,NN,3,_,_,_,_,_,_,_,I-Degree
9,quantum,_,UNK,_,NN,3,_,_,_,_,_,_,_,I-Degree
10,systems,_,system,_,NNS,3,_,_,_,_,_,_,_,I-Degree
11,",",_,",",_,",",3,_,_,_,_,_,_,_,I-Degree
12,it,_,it,_,PRP,3,_,_,_,_,_,_,_,I-Degree
13,is,_,be,_,VBZ,3,_,_,_,_,_,_,_,I-Degree
14,paramount,_,UNK,_,JJ,3,_,_,_,_,_,_,_,I-Degree
15,to,_,to,_,TO,3,_,_,_,_,_,_,_,I-Degree
16,develop,_,develop,_,VB,3,_,_,_,_,_,_,_,I-Degree
17,powerful,_,powerful,_,JJ,3,_,_,_,_,_,_,_,I-Degree
18,methods,_,method,_,NNS,3,_,_,_,_,_,_,_,I-Degree
19,that,_,that,_,WDT,3,_,_,_,_,_,_,_,I-Degree
20,encode,_,UNK,_,VBP,3,_,_,_,_,_,_,_,I-Degree
21,the,_,the,_,DT,3,_,_,_,_,_,_,_,I-Degree
22,emergent,_,UNK,_,NN,3,_,_,_,_,_,_,_,I-Degree
23,physics,_,physic,_,NNS,3,_,_,_,_,_,_,_,I-Degree
24,.,_,.,_,.,3,_,_,_,_,_,_,_,I-Degree
1,with,_,With,_,IN,3,_,_,_,_,_,_,_,B-Trajector
2,experiments,_,experiment,_,NNS,3,_,_,_,_,_,_,_,I-Trajector
3,accessing,_,access,_,VBG,3,_,_,_,_,_,_,_,I-Trajector
4,the,_,the,_,DT,3,_,_,_,_,_,_,_,I-Trajector
5,intricate,_,intricate,_,JJ,3,_,_,_,_,_,_,_,I-Trajector
6,dynamics,_,UNK,_,NNS,3,_,_,_,_,_,_,_,I-Trajector
7,of,_,of,_,IN,3,_,_,_,_,_,_,_,I-Trajector
8,many-body,_,UNK,_,NN,3,_,_,_,_,_,_,_,I-Trajector
9,quantum,_,UNK,_,NN,3,_,_,_,_,_,_,_,I-Trajector
10,systems,_,system,_,NNS,3,_,_,_,_,_,_,_,I-Trajector
11,",",_,",",_,",",3,_,_,_,_,_,_,_,I-Trajector
12,it,_,it,_,PRP,3,_,_,_,_,_,_,_,I-Trajector
13,is,_,be,_,VBZ,3,_,_,_,_,_,_,_,I-Trajector
14,paramount,_,UNK,_,JJ,3,_,_,_,_,_,_,_,I-Trajector
15,to,_,to,_,TO,3,_,_,_,_,_,to.prep,Goal,O
16,develop,_,develop,_,VB,3,_,_,_,_,_,_,_,B-Time
17,powerful,_,powerful,_,JJ,3,_,_,_,_,_,_,_,I-Time
18,methods,_,method,_,NNS,3,_,_,_,_,_,_,_,I-Time
19,that,_,that,_,WDT,3,_,_,_,_,_,_,_,I-Time
20,encode,_,UNK,_,VBP,3,_,_,_,_,_,_,_,I-Time
21,the,_,the,_,DT,3,_,_,_,_,_,_,_,I-Time
22,emergent,_,UNK,_,NN,3,_,_,_,_,_,_,_,I-Time
23,physics,_,physic,_,NNS,3,_,_,_,_,_,_,_,I-Time
24,.,_,.,_,.,3,_,_,_,_,_,_,_,I-Time
1,with,_,With,_,IN,3,_,_,_,_,_,_,_,B-Time
2,experiments,_,experiment,_,NNS,3,_,_,_,_,_,_,_,I-Time
3,accessing,_,access,_,VBG,3,_,_,_,_,_,_,_,I-Time
4,the,_,the,_,DT,3,_,_,_,_,_,_,_,I-Time
5,intricate,_,intricate,_,JJ,3,_,_,_,_,_,_,_,I-Time
6,dynamics,_,UNK,_,NNS,3,_,_,_,_,_,_,_,I-Time
7,of,_,of,_,IN,3,_,_,_,_,_,_,_,I-Time
8,many-body,_,UNK,_,NN,3,_,_,_,_,_,_,_,I-Time
9,quantum,_,UNK,_,NN,3,_,_,_,_,_,_,_,I-Time
10,systems,_,system,_,NNS,3,_,_,_,_,_,_,_,I-Time
11,",",_,",",_,",",3,_,_,_,_,_,_,_,I-Time
12,it,_,it,_,PRP,3,_,_,_,_,_,_,_,I-Time
13,is,_,be,_,VBZ,3,_,_,_,_,_,_,_,I-Time
14,paramount,_,UNK,_,JJ,3,_,_,_,_,_,_,_,I-Time
15,to,_,to,_,TO,3,_,_,_,_,_,_,_,I-Time
16,develop,_,develop,_,VB,3,_,_,_,_,_,_,_,I-Time
17,powerful,_,powerful,_,JJ,3,_,_,_,_,_,_,_,I-Time
18,methods,_,method,_,NNS,3,_,_,_,_,_,method.n,Means,O
19,that,_,that,_,WDT,3,_,_,_,_,_,_,_,O
20,encode,_,UNK,_,VBP,3,_,_,_,_,_,_,_,O
21,the,_,the,_,DT,3,_,_,_,_,_,_,_,O
22,emergent,_,UNK,_,NN,3,_,_,_,_,_,_,_,O
23,physics,_,physic,_,NNS,3,_,_,_,_,_,_,_,O
24,.,_,.,_,.,3,_,_,_,_,_,_,_,O
1,with,_,With,_,IN,3,_,_,_,_,_,_,_,O
2,experiments,_,experiment,_,NNS,3,_,_,_,_,_,_,_,O
3,accessing,_,access,_,VBG,3,_,_,_,_,_,_,_,O
4,the,_,the,_,DT,3,_,_,_,_,_,_,_,O
5,intricate,_,intricate,_,JJ,3,_,_,_,_,_,_,_,O
6,dynamics,_,UNK,_,NNS,3,_,_,_,_,_,_,_,O
7,of,_,of,_,IN,3,_,_,_,_,_,_,_,O
8,many-body,_,UNK,_,NN,3,_,_,_,_,_,_,_,O
9,quantum,_,UNK,_,NN,3,_,_,_,_,_,_,_,O
10,systems,_,system,_,NNS,3,_,_,_,_,_,_,_,O
11,",",_,",",_,",",3,_,_,_,_,_,_,_,O
12,it,_,it,_,PRP,3,_,_,_,_,_,_,_,O
13,is,_,be,_,VBZ,3,_,_,_,_,_,_,_,O
14,paramount,_,UNK,_,JJ,3,_,_,_,_,_,_,_,O
15,to,_,to,_,TO,3,_,_,_,_,_,_,_,O
16,develop,_,develop,_,VB,3,_,_,_,_,_,_,_,O
17,powerful,_,powerful,_,JJ,3,_,_,_,_,_,_,_,O
18,methods,_,method,_,NNS,3,_,_,_,_,_,_,_,O
19,that,_,that,_,WDT,3,_,_,_,_,_,that.adv,Degree,O
20,encode,_,UNK,_,VBP,3,_,_,_,_,_,_,_,O
21,the,_,the,_,DT,3,_,_,_,_,_,_,_,O
22,emergent,_,UNK,_,NN,3,_,_,_,_,_,_,_,O
23,physics,_,physic,_,NNS,3,_,_,_,_,_,_,_,O
24,.,_,.,_,.,3,_,_,_,_,_,_,_,O
1,relying,_,UNK,_,VBG,2,_,_,_,_,_,_,_,B-Manner
2,on,_,on,_,IN,2,_,_,_,_,_,_,_,I-Manner
3,abrupt,_,UNK,_,JJ,2,_,_,_,_,_,_,_,I-Manner
4,phase,_,phase,_,NN,2,_,_,_,_,_,_,_,I-Manner
5,discontinuities,_,UNK,_,NNS,2,_,_,_,_,_,_,_,I-Manner
6,",",_,",",_,",",2,_,_,_,_,_,_,_,I-Manner
7,unk,_,UNK,_,NNS,2,_,_,_,_,_,_,_,I-Manner
8,characterized,_,characterize,_,VBN,2,_,_,_,_,_,_,_,I-Manner
9,by,_,by,_,IN,2,_,_,_,_,_,_,_,I-Manner
10,a,_,a,_,DT,2,_,_,_,_,_,_,_,I-Manner
11,transversely,_,UNK,_,RB,2,_,_,_,_,_,_,_,I-Manner
12,inhomogeneous,_,UNK,_,JJ,2,_,_,_,_,_,_,_,I-Manner
13,surface,_,surface,_,NN,2,_,_,_,_,_,_,_,I-Manner
14,impedance,_,UNK,_,NN,2,_,_,_,_,_,_,_,I-Manner
15,profile,_,profile,_,NN,2,_,_,_,_,_,_,_,I-Manner
16,have,_,have,_,VBP,2,_,_,_,_,_,have.v,Possession,I-Manner
17,been,_,be,_,VBN,2,_,_,_,_,_,_,_,I-Manner
18,recently,_,recently,_,RB,2,_,_,_,_,_,_,_,I-Manner
19,explored,_,explore,_,VBN,2,_,_,_,_,_,_,_,I-Manner
20,as,_,a,_,IN,2,_,_,_,_,_,_,_,I-Manner
21,an,_,an,_,DT,2,_,_,_,_,_,_,_,I-Manner
22,ultrathin,_,UNK,_,JJ,2,_,_,_,_,_,_,_,I-Manner
23,platform,_,platform,_,NN,2,_,_,_,_,_,_,_,I-Manner
24,to,_,to,_,TO,2,_,_,_,_,_,_,_,I-Manner
25,generate,_,UNK,_,VB,2,_,_,_,_,_,_,_,I-Manner
26,arbitrary,_,arbitrary,_,JJ,2,_,_,_,_,_,_,_,I-Manner
27,wave,_,wave,_,NN,2,_,_,_,_,_,_,_,I-Manner
28,fronts,_,front,_,NNS,2,_,_,_,_,_,_,_,I-Manner
29,over,_,over,_,IN,2,_,_,_,_,_,_,_,I-Manner
30,subwavelength,_,UNK,_,NN,2,_,_,_,_,_,_,_,I-Manner
31,thicknesses,_,thickness,_,NNS,2,_,_,_,_,_,_,_,I-Manner
32,.,_,.,_,.,2,_,_,_,_,_,_,_,I-Manner
1,relying,_,UNK,_,VBG,2,_,_,_,_,_,_,_,B-Landmark_event
2,on,_,on,_,IN,2,_,_,_,_,_,_,_,I-Landmark_event
3,abrupt,_,UNK,_,JJ,2,_,_,_,_,_,_,_,I-Landmark_event
4,phase,_,phase,_,NN,2,_,_,_,_,_,_,_,I-Landmark_event
5,discontinuities,_,UNK,_,NNS,2,_,_,_,_,_,_,_,I-Landmark_event
6,",",_,",",_,",",2,_,_,_,_,_,_,_,I-Landmark_event
7,unk,_,UNK,_,NNS,2,_,_,_,_,_,_,_,I-Landmark_event
8,characterized,_,characterize,_,VBN,2,_,_,_,_,_,_,_,I-Landmark_event
9,by,_,by,_,IN,2,_,_,_,_,_,_,_,I-Landmark_event
10,a,_,a,_,DT,2,_,_,_,_,_,_,_,I-Landmark_event
11,transversely,_,UNK,_,RB,2,_,_,_,_,_,_,_,I-Landmark_event
12,inhomogeneous,_,UNK,_,JJ,2,_,_,_,_,_,_,_,I-Landmark_event
13,surface,_,surface,_,NN,2,_,_,_,_,_,_,_,I-Landmark_event
14,impedance,_,UNK,_,NN,2,_,_,_,_,_,_,_,I-Landmark_event
15,profile,_,profile,_,NN,2,_,_,_,_,_,_,_,I-Landmark_event
16,have,_,have,_,VBP,2,_,_,_,_,_,_,_,I-Landmark_event
17,been,_,be,_,VBN,2,_,_,_,_,_,_,_,I-Landmark_event
18,recently,_,recently,_,RB,2,_,_,_,_,_,recently.adv,Temporal_collocation,O
19,explored,_,explore,_,VBN,2,_,_,_,_,_,_,_,B-Landmark_event
20,as,_,a,_,IN,2,_,_,_,_,_,_,_,I-Landmark_event
21,an,_,an,_,DT,2,_,_,_,_,_,_,_,I-Landmark_event
22,ultrathin,_,UNK,_,JJ,2,_,_,_,_,_,_,_,I-Landmark_event
23,platform,_,platform,_,NN,2,_,_,_,_,_,_,_,I-Landmark_event
24,to,_,to,_,TO,2,_,_,_,_,_,_,_,I-Landmark_event
25,generate,_,UNK,_,VB,2,_,_,_,_,_,_,_,I-Landmark_event
26,arbitrary,_,arbitrary,_,JJ,2,_,_,_,_,_,_,_,I-Landmark_event
27,wave,_,wave,_,NN,2,_,_,_,_,_,_,_,I-Landmark_event
28,fronts,_,front,_,NNS,2,_,_,_,_,_,_,_,I-Landmark_event
29,over,_,over,_,IN,2,_,_,_,_,_,_,_,I-Landmark_event
30,subwavelength,_,UNK,_,NN,2,_,_,_,_,_,_,_,I-Landmark_event
31,thicknesses,_,thickness,_,NNS,2,_,_,_,_,_,_,_,I-Landmark_event
32,.,_,.,_,.,2,_,_,_,_,_,_,_,I-Landmark_event
1,relying,_,UNK,_,VBG,2,_,_,_,_,_,_,_,B-Trajector
2,on,_,on,_,IN,2,_,_,_,_,_,_,_,I-Trajector
3,abrupt,_,UNK,_,JJ,2,_,_,_,_,_,_,_,I-Trajector
4,phase,_,phase,_,NN,2,_,_,_,_,_,_,_,I-Trajector
5,discontinuities,_,UNK,_,NNS,2,_,_,_,_,_,_,_,I-Trajector
6,",",_,",",_,",",2,_,_,_,_,_,_,_,I-Trajector
7,unk,_,UNK,_,NNS,2,_,_,_,_,_,_,_,I-Trajector
8,characterized,_,characterize,_,VBN,2,_,_,_,_,_,_,_,I-Trajector
9,by,_,by,_,IN,2,_,_,_,_,_,_,_,I-Trajector
10,a,_,a,_,DT,2,_,_,_,_,_,_,_,I-Trajector
11,transversely,_,UNK,_,RB,2,_,_,_,_,_,_,_,I-Trajector
12,inhomogeneous,_,UNK,_,JJ,2,_,_,_,_,_,_,_,I-Trajector
13,surface,_,surface,_,NN,2,_,_,_,_,_,_,_,I-Trajector
14,impedance,_,UNK,_,NN,2,_,_,_,_,_,_,_,I-Trajector
15,profile,_,profile,_,NN,2,_,_,_,_,_,_,_,I-Trajector
16,have,_,have,_,VBP,2,_,_,_,_,_,_,_,I-Trajector
17,been,_,be,_,VBN,2,_,_,_,_,_,_,_,I-Trajector
18,recently,_,recently,_,RB,2,_,_,_,_,_,_,_,I-Trajector
19,explored,_,explore,_,VBN,2,_,_,_,_,_,_,_,I-Trajector
20,as,_,a,_,IN,2,_,_,_,_,_,_,_,I-Trajector
21,an,_,an,_,DT,2,_,_,_,_,_,_,_,I-Trajector
22,ultrathin,_,UNK,_,JJ,2,_,_,_,_,_,_,_,I-Trajector
23,platform,_,platform,_,NN,2,_,_,_,_,_,_,_,I-Trajector
24,to,_,to,_,TO,2,_,_,_,_,_,to.prep,Goal,O
25,generate,_,UNK,_,VB,2,_,_,_,_,_,_,_,B-Trajector
26,arbitrary,_,arbitrary,_,JJ,2,_,_,_,_,_,_,_,I-Trajector
27,wave,_,wave,_,NN,2,_,_,_,_,_,_,_,I-Trajector
28,fronts,_,front,_,NNS,2,_,_,_,_,_,_,_,I-Trajector
29,over,_,over,_,IN,2,_,_,_,_,_,_,_,I-Trajector
30,subwavelength,_,UNK,_,NN,2,_,_,_,_,_,_,_,I-Trajector
31,thicknesses,_,thickness,_,NNS,2,_,_,_,_,_,_,_,I-Trajector
32,.,_,.,_,.,2,_,_,_,_,_,_,_,I-Trajector
1,relying,_,UNK,_,VBG,2,_,_,_,_,_,_,_,B-Part_prop
2,on,_,on,_,IN,2,_,_,_,_,_,_,_,I-Part_prop
3,abrupt,_,UNK,_,JJ,2,_,_,_,_,_,_,_,I-Part_prop
4,phase,_,phase,_,NN,2,_,_,_,_,_,_,_,I-Part_prop
5,discontinuities,_,UNK,_,NNS,2,_,_,_,_,_,_,_,I-Part_prop
6,",",_,",",_,",",2,_,_,_,_,_,_,_,I-Part_prop
7,unk,_,UNK,_,NNS,2,_,_,_,_,_,_,_,I-Part_prop
8,characterized,_,characterize,_,VBN,2,_,_,_,_,_,_,_,I-Part_prop
9,by,_,by,_,IN,2,_,_,_,_,_,_,_,I-Part_prop
10,a,_,a,_,DT,2,_,_,_,_,_,_,_,I-Part_prop
11,transversely,_,UNK,_,RB,2,_,_,_,_,_,_,_,I-Part_prop
12,inhomogeneous,_,UNK,_,JJ,2,_,_,_,_,_,_,_,I-Part_prop
13,surface,_,surface,_,NN,2,_,_,_,_,_,_,_,I-Part_prop
14,impedance,_,UNK,_,NN,2,_,_,_,_,_,_,_,I-Part_prop
15,profile,_,profile,_,NN,2,_,_,_,_,_,_,_,I-Part_prop
16,have,_,have,_,VBP,2,_,_,_,_,_,_,_,I-Part_prop
17,been,_,be,_,VBN,2,_,_,_,_,_,_,_,I-Part_prop
18,recently,_,recently,_,RB,2,_,_,_,_,_,_,_,I-Part_prop
19,explored,_,explore,_,VBN,2,_,_,_,_,_,_,_,I-Part_prop
20,as,_,a,_,IN,2,_,_,_,_,_,_,_,I-Part_prop
21,an,_,an,_,DT,2,_,_,_,_,_,_,_,I-Part_prop
22,ultrathin,_,UNK,_,JJ,2,_,_,_,_,_,_,_,I-Part_prop
23,platform,_,platform,_,NN,2,_,_,_,_,_,_,_,I-Part_prop
24,to,_,to,_,TO,2,_,_,_,_,_,_,_,I-Part_prop
25,generate,_,UNK,_,VB,2,_,_,_,_,_,_,_,I-Part_prop
26,arbitrary,_,arbitrary,_,JJ,2,_,_,_,_,_,_,_,I-Part_prop
27,wave,_,wave,_,NN,2,_,_,_,_,_,_,_,I-Part_prop
28,fronts,_,front,_,NNS,2,_,_,_,_,_,front.n,Part_orientational,I-Part_prop
29,over,_,over,_,IN,2,_,_,_,_,_,_,_,I-Part_prop
30,subwavelength,_,UNK,_,NN,2,_,_,_,_,_,_,_,I-Part_prop
31,thicknesses,_,thickness,_,NNS,2,_,_,_,_,_,_,_,I-Part_prop
32,.,_,.,_,.,2,_,_,_,_,_,_,_,I-Part_prop
1,improved,_,Improved,_,VBN,1,_,_,_,_,_,_,_,B-Degree
2,analysis,_,UNK,_,NN,1,_,_,_,_,_,_,_,I-Degree
3,of,_,of,_,IN,1,_,_,_,_,_,of.prep,Age,I-Degree
4,unk,_,UNK,_,NNP,1,_,_,_,_,_,_,_,B-Age
5,using,_,Using,_,VBG,1,_,_,_,_,_,_,_,I-Age
6,a,_,a,_,DT,1,_,_,_,_,_,_,_,I-Age
7,fully,_,UNK,_,NNP,1,_,_,_,_,_,_,_,I-Age
8,unk,_,UNK,_,JJ,1,_,_,_,_,_,_,_,I-Age
9,waveform,_,UNK,_,NNP,1,_,_,_,_,_,_,_,I-Age
10,model,_,UNK,_,NNP,1,_,_,_,_,_,_,_,I-Age
11,.,_,.,_,.,1,_,_,_,_,_,_,_,I-Age
1,the,_,The,_,DT,2,_,_,_,_,_,_,_,S-Distance
2,first,_,first,_,JJ,2,_,_,_,_,_,_,_,B-Speed
3,observational,_,UNK,_,JJ,2,_,_,_,_,_,_,_,I-Speed
4,run,_,run,_,NN,2,_,_,_,_,_,run.v,Self_motion,O
5,of,_,of,_,IN,2,_,_,_,_,_,_,_,B-Speed
6,the,_,the,_,DT,2,_,_,_,_,_,_,_,I-Speed
7,advanced,_,UNK,_,NNP,2,_,_,_,_,_,_,_,I-Speed
8,ligo,_,UNK,_,NNP,2,_,_,_,_,_,_,_,I-Speed
9,detectors,_,detector,_,NNS,2,_,_,_,_,_,_,_,B-Manner
10,",",_,",",_,",",2,_,_,_,_,_,_,_,I-Manner
11,from,_,from,_,IN,2,_,_,_,_,_,_,_,I-Manner
12,september,_,September,_,NNP,2,_,_,_,_,_,_,_,I-Manner
13,12,_,12,_,CD,2,_,_,_,_,_,_,_,I-Manner
14,",",_,",",_,",",2,_,_,_,_,_,_,_,I-Manner
15,2015,_,2015,_,CD,2,_,_,_,_,_,_,_,I-Manner
16,to,_,to,_,TO,2,_,_,_,_,_,_,_,I-Manner
17,january,_,January,_,NNP,2,_,_,_,_,_,_,_,I-Manner
18,19,_,19,_,CD,2,_,_,_,_,_,_,_,I-Manner
19,",",_,",",_,",",2,_,_,_,_,_,_,_,I-Manner
20,2016,_,UNK,_,CD,2,_,_,_,_,_,_,_,I-Manner
21,",",_,",",_,",",2,_,_,_,_,_,_,_,I-Manner
22,saw,_,saw,_,VBD,2,_,_,_,_,_,_,_,I-Manner
23,the,_,the,_,DT,2,_,_,_,_,_,_,_,I-Manner
24,first,_,first,_,JJ,2,_,_,_,_,_,_,_,I-Manner
25,detections,_,detection,_,NNS,2,_,_,_,_,_,_,_,I-Manner
26,of,_,of,_,IN,2,_,_,_,_,_,_,_,I-Manner
27,gravitational,_,UNK,_,JJ,2,_,_,_,_,_,_,_,I-Manner
28,waves,_,wave,_,NNS,2,_,_,_,_,_,_,_,I-Manner
29,from,_,from,_,IN,2,_,_,_,_,_,_,_,B-Self_mover
30,binary,_,binary,_,JJ,2,_,_,_,_,_,_,_,I-Self_mover
31,black,_,black,_,JJ,2,_,_,_,_,_,_,_,I-Self_mover
32,hole,_,hole,_,NN,2,_,_,_,_,_,_,_,I-Self_mover
33,mergers,_,merger,_,NNS,2,_,_,_,_,_,_,_,I-Self_mover
34,.,_,.,_,.,2,_,_,_,_,_,_,_,I-Self_mover
1,the,_,The,_,DT,2,_,_,_,_,_,_,_,B-Age
2,first,_,first,_,JJ,2,_,_,_,_,_,_,_,I-Age
3,observational,_,UNK,_,JJ,2,_,_,_,_,_,_,_,I-Age
4,run,_,run,_,NN,2,_,_,_,_,_,_,_,I-Age
5,of,_,of,_,IN,2,_,_,_,_,_,of.prep,Age,S-Degree
6,the,_,the,_,DT,2,_,_,_,_,_,_,_,B-Age
7,advanced,_,UNK,_,NNP,2,_,_,_,_,_,_,_,I-Age
8,ligo,_,UNK,_,NNP,2,_,_,_,_,_,_,_,I-Age
9,detectors,_,detector,_,NNS,2,_,_,_,_,_,_,_,B-Degree
10,",",_,",",_,",",2,_,_,_,_,_,_,_,I-Degree
11,from,_,from,_,IN,2,_,_,_,_,_,_,_,I-Degree
12,september,_,September,_,NNP,2,_,_,_,_,_,_,_,I-Degree
13,12,_,12,_,CD,2,_,_,_,_,_,_,_,I-Degree
14,",",_,",",_,",",2,_,_,_,_,_,_,_,I-Degree
15,2015,_,2015,_,CD,2,_,_,_,_,_,_,_,I-Degree
16,to,_,to,_,TO,2,_,_,_,_,_,_,_,I-Degree
17,january,_,January,_,NNP,2,_,_,_,_,_,_,_,I-Degree
18,19,_,19,_,CD,2,_,_,_,_,_,_,_,I-Degree
19,",",_,",",_,",",2,_,_,_,_,_,_,_,I-Degree
20,2016,_,UNK,_,CD,2,_,_,_,_,_,_,_,I-Degree
21,",",_,",",_,",",2,_,_,_,_,_,_,_,I-Degree
22,saw,_,saw,_,VBD,2,_,_,_,_,_,_,_,I-Degree
23,the,_,the,_,DT,2,_,_,_,_,_,_,_,I-Degree
24,first,_,first,_,JJ,2,_,_,_,_,_,_,_,I-Degree
25,detections,_,detection,_,NNS,2,_,_,_,_,_,_,_,I-Degree
26,of,_,of,_,IN,2,_,_,_,_,_,_,_,I-Degree
27,gravitational,_,UNK,_,JJ,2,_,_,_,_,_,_,_,I-Degree
28,waves,_,wave,_,NNS,2,_,_,_,_,_,_,_,I-Degree
29,from,_,from,_,IN,2,_,_,_,_,_,_,_,O
30,binary,_,binary,_,JJ,2,_,_,_,_,_,_,_,O
31,black,_,black,_,JJ,2,_,_,_,_,_,_,_,O
32,hole,_,hole,_,NN,2,_,_,_,_,_,_,_,O
33,mergers,_,merger,_,NNS,2,_,_,_,_,_,_,_,O
34,.,_,.,_,.,2,_,_,_,_,_,_,_,O
1,the,_,The,_,DT,2,_,_,_,_,_,_,_,B-Support
2,first,_,first,_,JJ,2,_,_,_,_,_,_,_,I-Support
3,observational,_,UNK,_,JJ,2,_,_,_,_,_,_,_,I-Support
4,run,_,run,_,NN,2,_,_,_,_,_,_,_,I-Support
5,of,_,of,_,IN,2,_,_,_,_,_,_,_,I-Support
6,the,_,the,_,DT,2,_,_,_,_,_,_,_,I-Support
7,advanced,_,UNK,_,NNP,2,_,_,_,_,_,_,_,I-Support
8,ligo,_,UNK,_,NNP,2,_,_,_,_,_,_,_,I-Support
9,detectors,_,detector,_,NNS,2,_,_,_,_,_,_,_,I-Support
10,",",_,",",_,",",2,_,_,_,_,_,_,_,I-Support
11,from,_,from,_,IN,2,_,_,_,_,_,from.prep,Evidence,S-Degree
12,september,_,September,_,NNP,2,_,_,_,_,_,_,_,B-Manner
13,12,_,12,_,CD,2,_,_,_,_,_,_,_,I-Manner
14,",",_,",",_,",",2,_,_,_,_,_,_,_,I-Manner
15,2015,_,2015,_,CD,2,_,_,_,_,_,_,_,I-Manner
16,to,_,to,_,TO,2,_,_,_,_,_,_,_,I-Manner
17,january,_,January,_,NNP,2,_,_,_,_,_,_,_,I-Manner
18,19,_,19,_,CD,2,_,_,_,_,_,_,_,I-Manner
19,",",_,",",_,",",2,_,_,_,_,_,_,_,I-Manner
20,2016,_,UNK,_,CD,2,_,_,_,_,_,_,_,I-Manner
21,",",_,",",_,",",2,_,_,_,_,_,_,_,I-Manner
22,saw,_,saw,_,VBD,2,_,_,_,_,_,_,_,I-Manner
23,the,_,the,_,DT,2,_,_,_,_,_,_,_,I-Manner
24,first,_,first,_,JJ,2,_,_,_,_,_,_,_,I-Manner
25,detections,_,detection,_,NNS,2,_,_,_,_,_,_,_,I-Manner
26,of,_,of,_,IN,2,_,_,_,_,_,_,_,I-Manner
27,gravitational,_,UNK,_,JJ,2,_,_,_,_,_,_,_,I-Manner
28,waves,_,wave,_,NNS,2,_,_,_,_,_,_,_,I-Manner
29,from,_,from,_,IN,2,_,_,_,_,_,_,_,I-Manner
30,binary,_,binary,_,JJ,2,_,_,_,_,_,_,_,I-Manner
31,black,_,black,_,JJ,2,_,_,_,_,_,_,_,I-Manner
32,hole,_,hole,_,NN,2,_,_,_,_,_,_,_,O
33,mergers,_,merger,_,NNS,2,_,_,_,_,_,_,_,O
34,.,_,.,_,.,2,_,_,_,_,_,_,_,O
1,the,_,The,_,DT,2,_,_,_,_,_,_,_,B-Age
2,first,_,first,_,JJ,2,_,_,_,_,_,_,_,I-Age
3,observational,_,UNK,_,JJ,2,_,_,_,_,_,_,_,I-Age
4,run,_,run,_,NN,2,_,_,_,_,_,_,_,I-Age
5,of,_,of,_,IN,2,_,_,_,_,_,_,_,I-Age
6,the,_,the,_,DT,2,_,_,_,_,_,_,_,I-Age
7,advanced,_,UNK,_,NNP,2,_,_,_,_,_,_,_,I-Age
8,ligo,_,UNK,_,NNP,2,_,_,_,_,_,_,_,I-Age
9,detectors,_,detector,_,NNS,2,_,_,_,_,_,_,_,I-Age
10,",",_,",",_,",",2,_,_,_,_,_,_,_,I-Age
11,from,_,from,_,IN,2,_,_,_,_,_,_,_,I-Age
12,september,_,September,_,NNP,2,_,_,_,_,_,_,_,I-Age
13,12,_,12,_,CD,2,_,_,_,_,_,_,_,I-Age
14,",",_,",",_,",",2,_,_,_,_,_,_,_,I-Age
15,2015,_,2015,_,CD,2,_,_,_,_,_,_,_,I-Age
16,to,_,to,_,TO,2,_,_,_,_,_,_,_,I-Age
17,january,_,January,_,NNP,2,_,_,_,_,_,_,_,I-Age
18,19,_,19,_,CD,2,_,_,_,_,_,_,_,I-Age
19,",",_,",",_,",",2,_,_,_,_,_,_,_,I-Age
20,2016,_,UNK,_,CD,2,_,_,_,_,_,_,_,I-Age
21,",",_,",",_,",",2,_,_,_,_,_,_,_,I-Age
22,saw,_,saw,_,VBD,2,_,_,_,_,_,_,_,I-Age
23,the,_,the,_,DT,2,_,_,_,_,_,_,_,I-Age
24,first,_,first,_,JJ,2,_,_,_,_,_,_,_,I-Age
25,detections,_,detection,_,NNS,2,_,_,_,_,_,_,_,I-Age
26,of,_,of,_,IN,2,_,_,_,_,_,of.prep,Age,S-Degree
27,gravitational,_,UNK,_,JJ,2,_,_,_,_,_,_,_,B-Age
28,waves,_,wave,_,NNS,2,_,_,_,_,_,_,_,I-Age
29,from,_,from,_,IN,2,_,_,_,_,_,_,_,I-Age
30,binary,_,binary,_,JJ,2,_,_,_,_,_,_,_,I-Age
31,black,_,black,_,JJ,2,_,_,_,_,_,_,_,I-Age
32,hole,_,hole,_,NN,2,_,_,_,_,_,_,_,I-Age
33,mergers,_,merger,_,NNS,2,_,_,_,_,_,_,_,I-Age
34,.,_,.,_,.,2,_,_,_,_,_,_,_,I-Age
1,the,_,The,_,DT,2,_,_,_,_,_,_,_,B-Support
2,first,_,first,_,JJ,2,_,_,_,_,_,_,_,I-Support
3,observational,_,UNK,_,JJ,2,_,_,_,_,_,_,_,I-Support
4,run,_,run,_,NN,2,_,_,_,_,_,_,_,I-Support
5,of,_,of,_,IN,2,_,_,_,_,_,_,_,I-Support
6,the,_,the,_,DT,2,_,_,_,_,_,_,_,I-Support
7,advanced,_,UNK,_,NNP,2,_,_,_,_,_,_,_,I-Support
8,ligo,_,UNK,_,NNP,2,_,_,_,_,_,_,_,I-Support
9,detectors,_,detector,_,NNS,2,_,_,_,_,_,_,_,I-Support
10,",",_,",",_,",",2,_,_,_,_,_,_,_,I-Support
11,from,_,from,_,IN,2,_,_,_,_,_,_,_,I-Support
12,september,_,September,_,NNP,2,_,_,_,_,_,_,_,I-Support
13,12,_,12,_,CD,2,_,_,_,_,_,_,_,I-Support
14,",",_,",",_,",",2,_,_,_,_,_,_,_,I-Support
15,2015,_,2015,_,CD,2,_,_,_,_,_,_,_,I-Support
16,to,_,to,_,TO,2,_,_,_,_,_,_,_,I-Support
17,january,_,January,_,NNP,2,_,_,_,_,_,_,_,I-Support
18,19,_,19,_,CD,2,_,_,_,_,_,_,_,I-Support
19,",",_,",",_,",",2,_,_,_,_,_,_,_,I-Support
20,2016,_,UNK,_,CD,2,_,_,_,_,_,_,_,I-Support
21,",",_,",",_,",",2,_,_,_,_,_,_,_,I-Support
22,saw,_,saw,_,VBD,2,_,_,_,_,_,_,_,I-Support
23,the,_,the,_,DT,2,_,_,_,_,_,_,_,I-Support
24,first,_,first,_,JJ,2,_,_,_,_,_,_,_,I-Support
25,detections,_,detection,_,NNS,2,_,_,_,_,_,_,_,I-Support
26,of,_,of,_,IN,2,_,_,_,_,_,_,_,I-Support
27,gravitational,_,UNK,_,JJ,2,_,_,_,_,_,_,_,I-Support
28,waves,_,wave,_,NNS,2,_,_,_,_,_,_,_,I-Support
29,from,_,from,_,IN,2,_,_,_,_,_,from.prep,Evidence,S-Degree
30,binary,_,binary,_,JJ,2,_,_,_,_,_,_,_,B-Manner
31,black,_,black,_,JJ,2,_,_,_,_,_,_,_,I-Manner
32,hole,_,hole,_,NN,2,_,_,_,_,_,_,_,I-Manner
33,mergers,_,merger,_,NNS,2,_,_,_,_,_,_,_,I-Manner
34,.,_,.,_,.,2,_,_,_,_,_,_,_,I-Manner
1,the,_,The,_,DT,2,_,_,_,_,_,_,_,B-Degree
2,first,_,first,_,JJ,2,_,_,_,_,_,_,_,I-Degree
3,observational,_,UNK,_,JJ,2,_,_,_,_,_,_,_,I-Degree
4,run,_,run,_,NN,2,_,_,_,_,_,_,_,I-Degree
5,of,_,of,_,IN,2,_,_,_,_,_,_,_,I-Degree
6,the,_,the,_,DT,2,_,_,_,_,_,_,_,I-Degree
7,advanced,_,UNK,_,NNP,2,_,_,_,_,_,_,_,I-Degree
8,ligo,_,UNK,_,NNP,2,_,_,_,_,_,_,_,I-Degree
9,detectors,_,detector,_,NNS,2,_,_,_,_,_,_,_,I-Degree
10,",",_,",",_,",",2,_,_,_,_,_,_,_,I-Degree
11,from,_,from,_,IN,2,_,_,_,_,_,_,_,I-Degree
12,september,_,September,_,NNP,2,_,_,_,_,_,_,_,I-Degree
13,12,_,12,_,CD,2,_,_,_,_,_,_,_,I-Degree
14,",",_,",",_,",",2,_,_,_,_,_,_,_,I-Degree
15,2015,_,2015,_,CD,2,_,_,_,_,_,_,_,I-Degree
16,to,_,to,_,TO,2,_,_,_,_,_,_,_,I-Degree
17,january,_,January,_,NNP,2,_,_,_,_,_,_,_,I-Degree
18,19,_,19,_,CD,2,_,_,_,_,_,_,_,I-Degree
19,",",_,",",_,",",2,_,_,_,_,_,_,_,I-Degree
20,2016,_,UNK,_,CD,2,_,_,_,_,_,_,_,I-Degree
21,",",_,",",_,",",2,_,_,_,_,_,_,_,I-Degree
22,saw,_,saw,_,VBD,2,_,_,_,_,_,_,_,I-Degree
23,the,_,the,_,DT,2,_,_,_,_,_,_,_,I-Degree
24,first,_,first,_,JJ,2,_,_,_,_,_,_,_,I-Degree
25,detections,_,detection,_,NNS,2,_,_,_,_,_,_,_,I-Degree
26,of,_,of,_,IN,2,_,_,_,_,_,_,_,I-Degree
27,gravitational,_,UNK,_,JJ,2,_,_,_,_,_,_,_,I-Degree
28,waves,_,wave,_,NNS,2,_,_,_,_,_,_,_,I-Degree
29,from,_,from,_,IN,2,_,_,_,_,_,_,_,I-Degree
30,binary,_,binary,_,JJ,2,_,_,_,_,_,_,_,S-Subregion
31,black,_,black,_,JJ,2,_,_,_,_,_,black.a,Color,S-Degree
32,hole,_,hole,_,NN,2,_,_,_,_,_,_,_,S-Type
33,mergers,_,merger,_,NNS,2,_,_,_,_,_,_,_,B-Degree
34,.,_,.,_,.,2,_,_,_,_,_,_,_,I-Degree
1,the,_,The,_,DT,2,_,_,_,_,_,_,_,B-Manner
2,first,_,first,_,JJ,2,_,_,_,_,_,_,_,I-Manner
3,observational,_,UNK,_,JJ,2,_,_,_,_,_,_,_,I-Manner
4,run,_,run,_,NN,2,_,_,_,_,_,_,_,I-Manner
5,of,_,of,_,IN,2,_,_,_,_,_,_,_,I-Manner
6,the,_,the,_,DT,2,_,_,_,_,_,_,_,I-Manner
7,advanced,_,UNK,_,NNP,2,_,_,_,_,_,_,_,I-Manner
8,ligo,_,UNK,_,NNP,2,_,_,_,_,_,_,_,I-Manner
9,detectors,_,detector,_,NNS,2,_,_,_,_,_,_,_,I-Manner
10,",",_,",",_,",",2,_,_,_,_,_,_,_,I-Manner
11,from,_,from,_,IN,2,_,_,_,_,_,_,_,I-Manner
12,september,_,September,_,NNP,2,_,_,_,_,_,_,_,I-Manner
13,12,_,12,_,CD,2,_,_,_,_,_,_,_,I-Manner
14,",",_,",",_,",",2,_,_,_,_,_,_,_,I-Manner
15,2015,_,2015,_,CD,2,_,_,_,_,_,_,_,I-Manner
16,to,_,to,_,TO,2,_,_,_,_,_,_,_,I-Manner
17,january,_,January,_,NNP,2,_,_,_,_,_,_,_,I-Manner
18,19,_,19,_,CD,2,_,_,_,_,_,_,_,I-Manner
19,",",_,",",_,",",2,_,_,_,_,_,_,_,I-Manner
20,2016,_,UNK,_,CD,2,_,_,_,_,_,_,_,I-Manner
21,",",_,",",_,",",2,_,_,_,_,_,_,_,S-Degree
22,saw,_,saw,_,VBD,2,_,_,_,_,_,_,_,B-Time
23,the,_,the,_,DT,2,_,_,_,_,_,_,_,I-Time
24,first,_,first,_,JJ,2,_,_,_,_,_,_,_,I-Time
25,detections,_,detection,_,NNS,2,_,_,_,_,_,_,_,I-Time
26,of,_,of,_,IN,2,_,_,_,_,_,_,_,I-Time
27,gravitational,_,UNK,_,JJ,2,_,_,_,_,_,_,_,I-Time
28,waves,_,wave,_,NNS,2,_,_,_,_,_,_,_,I-Time
29,from,_,from,_,IN,2,_,_,_,_,_,_,_,I-Time
30,binary,_,binary,_,JJ,2,_,_,_,_,_,_,_,I-Time
31,black,_,black,_,JJ,2,_,_,_,_,_,_,_,I-Time
32,hole,_,hole,_,NN,2,_,_,_,_,_,_,_,I-Time
33,mergers,_,merger,_,NNS,2,_,_,_,_,_,merger.n,Cause_to_amalgamate,S-Degree
34,.,_,.,_,.,2,_,_,_,_,_,_,_,S-Agent
1,we,_,We,_,PRP,2,_,_,_,_,_,_,_,O
2,show,_,show,_,VBP,2,_,_,_,_,_,_,_,O
3,how,_,how,_,WRB,2,_,_,_,_,_,_,_,O
4,unk,_,UNK,_,JJ,2,_,_,_,_,_,_,_,O
5,duality,_,UNK,_,NN,2,_,_,_,_,_,_,_,O
6,in,_,in,_,IN,2,_,_,_,_,_,_,_,O
7,d,_,UNK,_,NN,2,_,_,_,_,_,_,_,O
8,=,_,UNK,_,$,2,_,_,_,_,_,_,_,O
9,2,_,2,_,CD,2,_,_,_,_,_,_,_,O
10,+,_,UNK,_,$,2,_,_,_,_,_,_,_,O
11,1,_,1,_,CD,2,_,_,_,_,_,_,_,O
12,dimensions,_,dimension,_,NNS,2,_,_,_,_,_,_,_,O
13,arises,_,arises,_,NNS,2,_,_,_,_,_,_,_,O
14,as,_,a,_,IN,2,_,_,_,_,_,_,_,S-Group
15,part,_,part,_,NN,2,_,_,_,_,_,part.n,Membership,O
16,of,_,of,_,IN,2,_,_,_,_,_,_,_,B-Standing
17,an,_,an,_,DT,2,_,_,_,_,_,_,_,I-Standing
18,intricate,_,intricate,_,JJ,2,_,_,_,_,_,_,_,I-Standing
19,web,_,UNK,_,NN,2,_,_,_,_,_,_,_,I-Standing
20,of,_,of,_,IN,2,_,_,_,_,_,_,_,I-Standing
21,relationships,_,relationship,_,NNS,2,_,_,_,_,_,_,_,I-Standing
22,between,_,between,_,IN,2,_,_,_,_,_,_,_,I-Standing
23,different,_,different,_,JJ,2,_,_,_,_,_,_,_,I-Standing
24,field,_,field,_,NN,2,_,_,_,_,_,_,_,I-Standing
25,theories,_,theory,_,NNS,2,_,_,_,_,_,_,_,I-Standing
26,.,_,.,_,.,2,_,_,_,_,_,_,_,I-Standing
1,we,_,We,_,PRP,2,_,_,_,_,_,_,_,B-Age
2,show,_,show,_,VBP,2,_,_,_,_,_,_,_,I-Age
3,how,_,how,_,WRB,2,_,_,_,_,_,_,_,I-Age
4,unk,_,UNK,_,JJ,2,_,_,_,_,_,_,_,I-Age
5,duality,_,UNK,_,NN,2,_,_,_,_,_,_,_,I-Age
6,in,_,in,_,IN,2,_,_,_,_,_,_,_,I-Age
7,d,_,UNK,_,NN,2,_,_,_,_,_,_,_,I-Age
8,=,_,UNK,_,$,2,_,_,_,_,_,_,_,I-Age
9,2,_,2,_,CD,2,_,_,_,_,_,_,_,I-Age
10,+,_,UNK,_,$,2,_,_,_,_,_,_,_,I-Age
11,1,_,1,_,CD,2,_,_,_,_,_,_,_,I-Age
12,dimensions,_,dimension,_,NNS,2,_,_,_,_,_,_,_,I-Age
13,arises,_,arises,_,NNS,2,_,_,_,_,_,_,_,I-Age
14,as,_,a,_,IN,2,_,_,_,_,_,_,_,I-Age
15,part,_,part,_,NN,2,_,_,_,_,_,_,_,I-Age
16,of,_,of,_,IN,2,_,_,_,_,_,of.prep,Age,S-Degree
17,an,_,an,_,DT,2,_,_,_,_,_,_,_,B-Age
18,intricate,_,intricate,_,JJ,2,_,_,_,_,_,_,_,I-Age
19,web,_,UNK,_,NN,2,_,_,_,_,_,_,_,I-Age
20,of,_,of,_,IN,2,_,_,_,_,_,_,_,I-Age
21,relationships,_,relationship,_,NNS,2,_,_,_,_,_,_,_,I-Age
22,between,_,between,_,IN,2,_,_,_,_,_,_,_,I-Age
23,different,_,different,_,JJ,2,_,_,_,_,_,_,_,I-Age
24,field,_,field,_,NN,2,_,_,_,_,_,_,_,I-Age
25,theories,_,theory,_,NNS,2,_,_,_,_,_,_,_,I-Age
26,.,_,.,_,.,2,_,_,_,_,_,_,_,I-Age
1,we,_,We,_,PRP,2,_,_,_,_,_,_,_,B-Age
2,show,_,show,_,VBP,2,_,_,_,_,_,_,_,I-Age
3,how,_,how,_,WRB,2,_,_,_,_,_,_,_,I-Age
4,unk,_,UNK,_,JJ,2,_,_,_,_,_,_,_,I-Age
5,duality,_,UNK,_,NN,2,_,_,_,_,_,_,_,I-Age
6,in,_,in,_,IN,2,_,_,_,_,_,_,_,I-Age
7,d,_,UNK,_,NN,2,_,_,_,_,_,_,_,I-Age
8,=,_,UNK,_,$,2,_,_,_,_,_,_,_,I-Age
9,2,_,2,_,CD,2,_,_,_,_,_,_,_,I-Age
10,+,_,UNK,_,$,2,_,_,_,_,_,_,_,I-Age
11,1,_,1,_,CD,2,_,_,_,_,_,_,_,I-Age
12,dimensions,_,dimension,_,NNS,2,_,_,_,_,_,_,_,I-Age
13,arises,_,arises,_,NNS,2,_,_,_,_,_,_,_,I-Age
14,as,_,a,_,IN,2,_,_,_,_,_,_,_,I-Age
15,part,_,part,_,NN,2,_,_,_,_,_,_,_,I-Age
16,of,_,of,_,IN,2,_,_,_,_,_,_,_,I-Age
17,an,_,an,_,DT,2,_,_,_,_,_,_,_,I-Age
18,intricate,_,intricate,_,JJ,2,_,_,_,_,_,_,_,I-Age
19,web,_,UNK,_,NN,2,_,_,_,_,_,_,_,I-Age
20,of,_,of,_,IN,2,_,_,_,_,_,of.prep,Age,S-Degree
21,relationships,_,relationship,_,NNS,2,_,_,_,_,_,_,_,B-Age
22,between,_,between,_,IN,2,_,_,_,_,_,_,_,I-Age
23,different,_,different,_,JJ,2,_,_,_,_,_,_,_,I-Age
24,field,_,field,_,NN,2,_,_,_,_,_,_,_,I-Age
25,theories,_,theory,_,NNS,2,_,_,_,_,_,_,_,I-Age
26,.,_,.,_,.,2,_,_,_,_,_,_,_,I-Age
1,we,_,We,_,PRP,2,_,_,_,_,_,_,_,B-Concept_1
2,show,_,show,_,VBP,2,_,_,_,_,_,_,_,I-Concept_1
3,how,_,how,_,WRB,2,_,_,_,_,_,_,_,I-Concept_1
4,unk,_,UNK,_,JJ,2,_,_,_,_,_,_,_,I-Concept_1
5,duality,_,UNK,_,NN,2,_,_,_,_,_,_,_,I-Concept_1
6,in,_,in,_,IN,2,_,_,_,_,_,_,_,I-Concept_1
7,d,_,UNK,_,NN,2,_,_,_,_,_,_,_,I-Concept_1
8,=,_,UNK,_,$,2,_,_,_,_,_,_,_,I-Concept_1
9,2,_,2,_,CD,2,_,_,_,_,_,_,_,I-Concept_1
10,+,_,UNK,_,$,2,_,_,_,_,_,_,_,I-Concept_1
11,1,_,1,_,CD,2,_,_,_,_,_,_,_,I-Concept_1
12,dimensions,_,dimension,_,NNS,2,_,_,_,_,_,_,_,I-Concept_1
13,arises,_,arises,_,NNS,2,_,_,_,_,_,_,_,I-Concept_1
14,as,_,a,_,IN,2,_,_,_,_,_,_,_,I-Concept_1
15,part,_,part,_,NN,2,_,_,_,_,_,_,_,I-Concept_1
16,of,_,of,_,IN,2,_,_,_,_,_,_,_,I-Concept_1
17,an,_,an,_,DT,2,_,_,_,_,_,_,_,I-Concept_1
18,intricate,_,intricate,_,JJ,2,_,_,_,_,_,_,_,I-Concept_1
19,web,_,UNK,_,NN,2,_,_,_,_,_,_,_,I-Concept_1
20,of,_,of,_,IN,2,_,_,_,_,_,_,_,I-Concept_1
21,relationships,_,relationship,_,NNS,2,_,_,_,_,_,relationship.n,Cognitive_connection,S-Degree
22,between,_,between,_,IN,2,_,_,_,_,_,_,_,B-Concept_1
23,different,_,different,_,JJ,2,_,_,_,_,_,_,_,I-Concept_1
24,field,_,field,_,NN,2,_,_,_,_,_,_,_,I-Concept_1
25,theories,_,theory,_,NNS,2,_,_,_,_,_,_,_,I-Concept_1
26,.,_,.,_,.,2,_,_,_,_,_,_,_,I-Concept_1
1,we,_,We,_,PRP,2,_,_,_,_,_,_,_,B-Figure
2,show,_,show,_,VBP,2,_,_,_,_,_,_,_,I-Figure
3,how,_,how,_,WRB,2,_,_,_,_,_,_,_,I-Figure
4,unk,_,UNK,_,JJ,2,_,_,_,_,_,_,_,I-Figure
5,duality,_,UNK,_,NN,2,_,_,_,_,_,_,_,I-Figure
6,in,_,in,_,IN,2,_,_,_,_,_,_,_,I-Figure
7,d,_,UNK,_,NN,2,_,_,_,_,_,_,_,I-Figure
8,=,_,UNK,_,$,2,_,_,_,_,_,_,_,I-Figure
9,2,_,2,_,CD,2,_,_,_,_,_,_,_,I-Figure
10,+,_,UNK,_,$,2,_,_,_,_,_,_,_,I-Figure
11,1,_,1,_,CD,2,_,_,_,_,_,_,_,I-Figure
12,dimensions,_,dimension,_,NNS,2,_,_,_,_,_,_,_,I-Figure
13,arises,_,arises,_,NNS,2,_,_,_,_,_,_,_,I-Figure
14,as,_,a,_,IN,2,_,_,_,_,_,_,_,I-Figure
15,part,_,part,_,NN,2,_,_,_,_,_,_,_,I-Figure
16,of,_,of,_,IN,2,_,_,_,_,_,_,_,I-Figure
17,an,_,an,_,DT,2,_,_,_,_,_,_,_,I-Figure
18,intricate,_,intricate,_,JJ,2,_,_,_,_,_,_,_,I-Figure
19,web,_,UNK,_,NN,2,_,_,_,_,_,_,_,I-Figure
20,of,_,of,_,IN,2,_,_,_,_,_,_,_,I-Figure
21,relationships,_,relationship,_,NNS,2,_,_,_,_,_,_,_,I-Figure
22,between,_,between,_,IN,2,_,_,_,_,_,between.prep,Interior_profile_relation,I-Figure
23,different,_,different,_,JJ,2,_,_,_,_,_,_,_,I-Figure
24,field,_,field,_,NN,2,_,_,_,_,_,_,_,I-Figure
25,theories,_,theory,_,NNS,2,_,_,_,_,_,_,_,I-Figure
26,.,_,.,_,.,2,_,_,_,_,_,_,_,I-Figure
1,we,_,We,_,PRP,2,_,_,_,_,_,_,_,O
2,show,_,show,_,VBP,2,_,_,_,_,_,_,_,O
3,how,_,how,_,WRB,2,_,_,_,_,_,_,_,O
4,unk,_,UNK,_,JJ,2,_,_,_,_,_,_,_,O
5,duality,_,UNK,_,NN,2,_,_,_,_,_,_,_,O
6,in,_,in,_,IN,2,_,_,_,_,_,_,_,O
7,d,_,UNK,_,NN,2,_,_,_,_,_,_,_,O
8,=,_,UNK,_,$,2,_,_,_,_,_,_,_,O
9,2,_,2,_,CD,2,_,_,_,_,_,_,_,O
10,+,_,UNK,_,$,2,_,_,_,_,_,_,_,O
11,1,_,1,_,CD,2,_,_,_,_,_,_,_,O
12,dimensions,_,dimension,_,NNS,2,_,_,_,_,_,_,_,O
13,arises,_,arises,_,NNS,2,_,_,_,_,_,_,_,O
14,as,_,a,_,IN,2,_,_,_,_,_,_,_,O
15,part,_,part,_,NN,2,_,_,_,_,_,_,_,O
16,of,_,of,_,IN,2,_,_,_,_,_,_,_,O
17,an,_,an,_,DT,2,_,_,_,_,_,_,_,O
18,intricate,_,intricate,_,JJ,2,_,_,_,_,_,_,_,O
19,web,_,UNK,_,NN,2,_,_,_,_,_,_,_,O
20,of,_,of,_,IN,2,_,_,_,_,_,_,_,O
21,relationships,_,relationship,_,NNS,2,_,_,_,_,_,_,_,B-Time
22,between,_,between,_,IN,2,_,_,_,_,_,_,_,I-Time
23,different,_,different,_,JJ,2,_,_,_,_,_,different.a,Identicality,I-Time
24,field,_,field,_,NN,2,_,_,_,_,_,_,_,I-Time
25,theories,_,theory,_,NNS,2,_,_,_,_,_,_,_,I-Time
26,.,_,.,_,.,2,_,_,_,_,_,_,_,I-Time
